practice_name,also_known_as,address,postcode,ls_area,phone,website,nhs_private,pms_detected,pms_confidence,pms_evidence,blast_segment,wisecall_tier,adg_corporate,adg_group,bda_good_practice,provider_name,source,notes
The Dental Architect,,"56 Wellington Street, Leeds",LS1 2EE,Leeds city centre,01138 684324,https://www.thedentalarchitect.com,Unknown,Dentally,high,Dentally:portal.dental,Dentally confirmed,Tier 1 - Dentally integration ready,No,,No,Dr Martina Vivienne  Hodgson,CQC directory (auto-downloaded),
Church View Dental Care,,"5-7 Church Lane, Crossgates, Leeds",LS15 8BB,Cross Gates/Austhorpe,01132 647133,https://www.churchviewdentalcare.co.uk,Unknown,Dentally,high,Dentally:portal.dental,Dentally confirmed,Tier 1 - Dentally integration ready,No,,No,CVDC Limited,CQC directory (auto-downloaded),
Manor Square Dental Practice,,"10 Manor Square, Otley",LS21 3AP,Otley,01943 461501,https://www.manorsquaredental.co.uk,Unknown,Dentally,high,Dentally:portal.dental,Dentally confirmed,Tier 1 - Dentally integration ready,No,,Yes,MSDP Otley Limited,CQC directory (auto-downloaded),
Glen Lea Dental Suite,,"20 York Road, Wetherby",LS22 6SL,Wetherby,01937 583502,https://www.glenleadental.co.uk,Unknown,Dentally,high,Dentally:portal.dental,Dentally confirmed,Tier 1 - Dentally integration ready,No,,No,Glen Lea Wetherby Limited,CQC directory (auto-downloaded),
Ilkley Dental Studio,,"Unit A,  Riverside Business Park, Dansk Way,  Leeds Road, Ilkley",LS29 8JZ,Ilkley/Wharfedale,0798 4005132,https://www.ilkleydentalstudio.co.uk,Unknown,Dentally,high,Dentally:dentr.net,Dentally confirmed,Tier 1 - Dentally integration ready,No,,No,Ilkley Dental Studio Ltd,CQC directory (auto-downloaded),
The Tooth Spa,,"47 Potternewton Lane, Chapel Allerton, Leeds",LS7 3LW,Chapel Allerton,01132 625545,https://www.thetoothspaleeds.co.uk,Unknown,Dentally,high,Dentally:dentr.net,Dentally confirmed,Tier 1 - Dentally integration ready,No,,No,The Tooth Spa Limited,CQC directory (auto-downloaded),
Chelwood Dental Care,,"21 Chelwood Drive, Leeds",LS8 2AT,Roundhay/Fearnville,01132 668459,https://www.chelwooddentalleeds.co.uk,Unknown,Dentally,high,Dentally:portal.dental,Dentally confirmed,Tier 1 - Dentally integration ready,No,,No,Chelwood Dental Practice Partnership,CQC directory (auto-downloaded),
Poldent Dental Care,,"Unit 3, Dock Green Court,  Stanley Road, Leeds",LS9 7AB,Harehills/East Leeds,,https://www.poldent.co.uk,Unknown,Dentally,high,Dentally:portal.dental,Dentally confirmed,Tier 1 - Dentally integration ready,No,,No,The Poldent Group Ltd,CQC directory (auto-downloaded),
Invisiblebraces4u Leeds,,"32 Park Place, Leeds",LS1 2SP,Leeds city centre,02037 450494,,Unknown,,,,Unknown PMS - manual check,Tier 3 - Unknown PMS (qualify on call),No,,No,IB4U LTD,CQC directory (auto-downloaded),
Briggate Dental Practice,,"4 Lower Briggate, Leeds",LS1 4AF,Leeds city centre,01132 446095,,Unknown,,,,Unknown PMS - manual check,Tier 3 - Unknown PMS (qualify on call),No,,No,Miracle Smiles UK Ltd,CQC directory (auto-downloaded),
Beyu Dental LS1,,"4 Wellington Place, Leeds",LS1 4AP,Leeds city centre,,https://www.beyudental.com,Unknown,,none,,Unknown PMS - manual check,Tier 3 - Unknown PMS (qualify on call),No,,No,Beyu Dental Limited,CQC directory (auto-downloaded),
Smmmile Store,,"1st Floor,  Equity House, The Bourse,  Boar Lane, Leeds",LS1 5EN,Leeds city centre,01134 800000,,Unknown,,,,Unknown PMS - manual check,Tier 3 - Unknown PMS (qualify on call),No,,No,Smmmile Leeds Limited,CQC directory (auto-downloaded),
The Park Row Dental Practice,,"18 Park Row, Basement Suite, Leeds",LS1 5JA,Leeds city centre,01132 430371,https://www.theparkrowdentalpractice.co.uk,Unknown,,,,Unknown PMS - manual check,Tier 3 - Unknown PMS (qualify on call),No,,No,Mr. Michael Green,CQC directory (auto-downloaded),website unreachable
Paul Calder Dental Limited,,"4 Cross Arcade, Leeds",LS1 6AZ,Leeds city centre,01132 454550,,Unknown,,,,Unknown PMS - manual check,Tier 3 - Unknown PMS (qualify on call),No,,No,Paul Calder Dental Limited,CQC directory (auto-downloaded),
VICI Dental,,"25 Albion Place, Leeds",LS1 6JS,Leeds city centre,0776 7646165,,Unknown,,,,Unknown PMS - manual check,Tier 3 - Unknown PMS (qualify on call),No,,No,VICI Dental Limited,CQC directory (auto-downloaded),
Headrow Dental Practice,,"5 The Headrow, Leeds",LS1 6PU,Leeds city centre,01132 434014,,Unknown,,,,Unknown PMS - manual check,Tier 3 - Unknown PMS (qualify on call),No,,No,Headrow Dent. Limited,CQC directory (auto-downloaded),
Impress Leeds,,"84-86, Vicar Lane, Leeds",LS1 7JH,Leeds city centre,,,Unknown,,,,Unknown PMS - manual check,Tier 3 - Unknown PMS (qualify on call),No,,No,Smile2Impress Clinics Ltd,CQC directory (auto-downloaded),
EvoDental Leeds Clinic,,"Darwin Building, Leeds Valley Park, Leeds",LS10 1AB,Hunslet/South Leeds,0800 4703719,https://www.evodental.com,Unknown,,,,Unknown PMS - manual check,Tier 3 - Unknown PMS (qualify on call),No,,No,Evo Dental Centre Limited,CQC directory (auto-downloaded),website unreachable
Trinity House Orthodontics LEEDS,,"Unit 15 The Penny Hill Shopping Centre, Hunslet, Leeds",LS10 2AP,Hunslet/South Leeds,01924 369696,https://www.trinityhouse-orthodontics.co.uk,Unknown,,none,,Unknown PMS - manual check,Tier 3 - Unknown PMS (qualify on call),No,,No,Haricovert Limited,CQC directory (auto-downloaded),
Dewsbury Road Dental Practice,,"Fraternity House, 50 Church Street,  Hunslet, Leeds",LS10 2AR,Hunslet/South Leeds,,,Unknown,,,,Unknown PMS - manual check,Tier 3 - Unknown PMS (qualify on call),No,,No,Beeston Dental Partnership,CQC directory (auto-downloaded),
Hunslet Dental Surgery,,"Fraternity House, 50 Church Street,  Hunslet, Leeds",LS10 2AR,Hunslet/South Leeds,01909 562475,,Unknown,,,,Unknown PMS - manual check,Tier 3 - Unknown PMS (qualify on call),No,,No,Hunslet Dental Partnership,CQC directory (auto-downloaded),
LS10 Dental Care,,"20 Pepper Road, Leeds",LS10 2EU,Hunslet/South Leeds,01132 776606,,Unknown,,,,Unknown PMS - manual check,Tier 3 - Unknown PMS (qualify on call),No,,No,Belle Isle Dental Ltd,CQC directory (auto-downloaded),
Lingwell Croft Dental Practice,,"18 Shelldrake Drive, Leeds",LS10 3NB,Hunslet/South Leeds,01132 702820,,Unknown,,,,Unknown PMS - manual check,Tier 3 - Unknown PMS (qualify on call),No,,No,House of 32 Partnership,CQC directory (auto-downloaded),
Town Street Dental Practice,,"75 Town Street, Middleton, Leeds",LS10 3NG,Hunslet/South Leeds,01132 717477,https://www.boyds-dentalpractice.co.uk,Unknown,,,,Unknown PMS - manual check,Tier 3 - Unknown PMS (qualify on call),No,,No,Fathima Fahnaz Saneej,CQC directory (auto-downloaded),website unreachable
Headquarters,,"Building Three,  Whiterose Office Park, Millshaw Park Lane, Leeds",LS11 0DL,Beeston/Holbeck,01132 208500,https://www.leedscommunityhealthcare.nhs.uk,Unknown,,none,,Unknown PMS - manual check,Tier 3 - Unknown PMS (qualify on call),No,,No,Leeds Community Healthcare NHS Trust,CQC directory (auto-downloaded),
Night and day emergency dentist,,"599 Dewsbury Road, Beeston, Leeds",LS11 5LE,Beeston/Holbeck,0759 4594525,,Unknown,,,,Unknown PMS - manual check,Tier 3 - Unknown PMS (qualify on call),No,,No,NIGHT AND DAY (LEEDS) LIMITED,CQC directory (auto-downloaded),
Leeds City Dentalcare,,"159 Beeston Road, Leeds",LS11 6AW,Beeston/Holbeck,01132 705020,,Unknown,,,,Unknown PMS - manual check,Tier 3 - Unknown PMS (qualify on call),No,,No,Envisage Dental UK Limited,CQC directory (auto-downloaded),
Leeds City Dentalcare Limited,,"159 Beeston Road, Beeston, Leeds",LS11 6AW,Beeston/Holbeck,01132 705020,https://www.leedscitydentalcare.co.uk,Unknown,,none,,Unknown PMS - manual check,Tier 3 - Unknown PMS (qualify on call),No,,No,Leeds City Dentalcare Limited,CQC directory (auto-downloaded),
Maghaireh Limited,Leeds Dental Implant & Cosmetic Clinic,"Unit B, Global Avenue, Leeds",LS11 8PR,Beeston/Holbeck,0790 8490226,,Unknown,,,,Unknown PMS - manual check,Tier 3 - Unknown PMS (qualify on call),No,,No,Maghaireh limited,CQC directory (auto-downloaded),
The Holbeck Dental Practice,,"73 Domestic Street, Leeds",LS11 9NS,Beeston/Holbeck,01132 448259,,Unknown,,,,Unknown PMS - manual check,Tier 3 - Unknown PMS (qualify on call),No,,No,Mr Stefan Andronovici,CQC directory (auto-downloaded),
Armley Dental Practice,,"4 Hall Road, Leeds",LS12 1XB,Wortley/Farnley,,,Unknown,,,,Unknown PMS - manual check,Tier 3 - Unknown PMS (qualify on call),No,,No,Armley Dent Ltd,CQC directory (auto-downloaded),
HMP Leeds,Time for Teeth Limited,"Armley Jail, Gloucester Terrace,  Armley, Leeds",LS12 2TJ,Wortley/Farnley,01132 032629,,Unknown,,,,Unknown PMS - manual check,Tier 3 - Unknown PMS (qualify on call),No,,No,Time for Teeth Limited,CQC directory (auto-downloaded),
Parish Dental Practice,,"7-9 Branch Road, Armley, Leeds",LS12 3AQ,Wortley/Farnley,01132 638509,https://www.parishdental.co.uk,Unknown,,none,,Unknown PMS - manual check,Tier 3 - Unknown PMS (qualify on call),No,,No,M & B Practices Limited,CQC directory (auto-downloaded),
Whingate Dental Care,Whingate Dental Practice Partnership,"268 Tong Road, Leeds",LS12 3BG,Wortley/Farnley,,,Unknown,,,,Unknown PMS - manual check,Tier 3 - Unknown PMS (qualify on call),No,,No,Whingate Dental Practice Partnership,CQC directory (auto-downloaded),
Whingate Dental Ltd,,"268 Tong Road, Leeds",LS12 3BG,Wortley/Farnley,01132 638337,https://www.carholmedentalgroup.co.uk,Unknown,,none,,Unknown PMS - manual check,Tier 3 - Unknown PMS (qualify on call),No,,No,Whingate Dental Limited,CQC directory (auto-downloaded),
Ridge Road Dental Practice,,"97 Armley Ridge Road, Leeds",LS12 3PE,Wortley/Farnley,01132 633199,https://www.infinitydentalclinic.co.uk,Unknown,,none,,Unknown PMS - manual check,Tier 3 - Unknown PMS (qualify on call),No,,No,Infinity Dental Clinic Limited,CQC directory (auto-downloaded),
Indigo Dental,,"106a Dixon Lane, Leeds",LS12 4AD,Wortley/Farnley,01132 632960,,Unknown,,,,Unknown PMS - manual check,Tier 3 - Unknown PMS (qualify on call),No,,No,Indigo Dental Limited,CQC directory (auto-downloaded),
Windmill Dental,,"Unit 1 & 2 Windmill House, 277 Tong Road, Leeds",LS12 4NQ,Wortley/Farnley,01132 798282,,Unknown,,,,Unknown PMS - manual check,Tier 3 - Unknown PMS (qualify on call),No,,No,Windmill Dental,CQC directory (auto-downloaded),
HQ Dental,,"Swallow House, 349 Tong Road, Leeds",LS12 4QG,Wortley/Farnley,01132 796667,https://www.hqdental.co.uk,Unknown,,none,,Unknown PMS - manual check,Tier 3 - Unknown PMS (qualify on call),No,,No,HQ Dental Laboratory Limited,CQC directory (auto-downloaded),
UrgentCare Dental,,"Unit 2, Ashfield Court, , Leeds",LS12 5JB,Wortley/Farnley,01138 683185,https://www.urgentcaredental.co.uk,Unknown,,none,,Unknown PMS - manual check,Tier 3 - Unknown PMS (qualify on call),No,,No,Urgentcare Dental Limited,CQC directory (auto-downloaded),
The Poplars Dental Practice,,"43A Rodley Lane, Rodley, Leeds",LS13 1LT,Bramley/Rodley,01132 564161,https://www.poplarsdental.co.uk,Unknown,,none,,Unknown PMS - manual check,Tier 3 - Unknown PMS (qualify on call),No,,No,Miss Laura Beardsmore,CQC directory (auto-downloaded),
Xen Smiles Limited,,"241 Green Hill Road, Bramley, Leeds",LS13 4AJ,Bramley/Rodley,01132 576026,,Unknown,,,,Unknown PMS - manual check,Tier 3 - Unknown PMS (qualify on call),No,,No,Xen Smiles Limited,CQC directory (auto-downloaded),
Swinnow Road Dental Practice,,"136 Swinnow Road, Leeds",LS13 4NX,Bramley/Rodley,01132 565214,,Unknown,,,,Unknown PMS - manual check,Tier 3 - Unknown PMS (qualify on call),No,,No,Salaudeen Smiles Limited,CQC directory (auto-downloaded),
Whinmoor Dental Care,,"46 White Laithe Approach, Leeds",LS14 2EH,Seacroft/Whinmoor,01132 731792,https://www.livingsmiles.co.uk,Unknown,,none,,Unknown PMS - manual check,Tier 3 - Unknown PMS (qualify on call),No,,No,Living Smiles Ltd,CQC directory (auto-downloaded),
Seacroft Dental Practice,,"896 York Road, Leeds",LS14 6HT,Seacroft/Whinmoor,01132 647309,,Unknown,,,,Unknown PMS - manual check,Tier 3 - Unknown PMS (qualify on call),No,,Yes,Seacroft Dental Practice Partnership,CQC directory (auto-downloaded),
Scholes Dental Care,,"38 Station Road, Scholes, Leeds",LS15 4BN,Cross Gates/Austhorpe,01132 323878,,Unknown,,,,Unknown PMS - manual check,Tier 3 - Unknown PMS (qualify on call),No,,No,CNS Dental Care Ltd,CQC directory (auto-downloaded),
68 Dental,,"68 Austhorpe Road, Crossgates, Leeds",LS15 8DZ,Cross Gates/Austhorpe,01132 641657,,Unknown,,,,Unknown PMS - manual check,Tier 3 - Unknown PMS (qualify on call),No,,No,68 Dental Ltd,CQC directory (auto-downloaded),
21D Leeds,,"4235 Park Approach, Leeds",LS15 8GB,Cross Gates/Austhorpe,0800 0073199,https://www.21d.co.uk,Unknown,,none,,Unknown PMS - manual check,Tier 3 - Unknown PMS (qualify on call),No,,No,21D Clinical Limited,CQC directory (auto-downloaded),
Vitruvian Dental Studio,Vitruvian Cosmetic Dentistry LTD,"Unit 15, The Springs,  Thorpe Park View, Leeds",LS15 8GH,Cross Gates/Austhorpe,01133 220861,https://vdsleeds.co.uk,Unknown,,none,,Unknown PMS - manual check,Tier 3 - Unknown PMS (qualify on call),No,,No,Vitruvian Cosmetic Dentistry Ltd,CQC directory (auto-downloaded),
Advance Dental Care,,"188 Butcher Hill, Leeds",LS16 5BG,Adel/Wharfedale,01132 751114,,Unknown,,,,Unknown PMS - manual check,Tier 3 - Unknown PMS (qualify on call),No,,No,Dr Altaf Hussain,CQC directory (auto-downloaded),
Far Headingley Dental Care,,"174 Otley Road, Leeds",LS16 5LG,Adel/Wharfedale,01132 751323,https://www.fhdc.co.uk,Unknown,,,,Unknown PMS - manual check,Tier 3 - Unknown PMS (qualify on call),No,,No,FHDC Limited,CQC directory (auto-downloaded),website unreachable
West Park Dental Care - Leeds,,"289 Otley Road, Weetwood, Leeds",LS16 5LN,Adel/Wharfedale,01132 786910,https://www.westparkdentalcare.co.uk,Unknown,,none,,Unknown PMS - manual check,Tier 3 - Unknown PMS (qualify on call),No,,No,Groves and Groves Limited,CQC directory (auto-downloaded),
Lawnswood Dental Care,,"153 Otley Old Road, Leeds",LS16 6HN,Adel/Wharfedale,01132 678129,https://www.lawnswooddentalcare.co.uk,Unknown,,none,,Unknown PMS - manual check,Tier 3 - Unknown PMS (qualify on call),No,,No,Mr Martin Robert Turner,CQC directory (auto-downloaded),
Smile Clinic North Leeds,,"Gladstone House,  ground floor, Lawnswood Business Park,  Redvers Close, Leeds",LS16 6QY,Adel/Wharfedale,01134 260080,,Unknown,,,,Unknown PMS - manual check,Tier 3 - Unknown PMS (qualify on call),No,,No,Mr Sandeep Sharma,CQC directory (auto-downloaded),
Gunn Dental Care,,"5 Woodside Court, Clayton Wood Rise, Leeds",LS16 6RF,Adel/Wharfedale,,,Unknown,,,,Unknown PMS - manual check,Tier 3 - Unknown PMS (qualify on call),No,,No,Gunn Dental Care,CQC directory (auto-downloaded),
Adel Dental Practice,,"467a Otley Road, Adel, Leeds",LS16 7NR,Adel/Wharfedale,01132 671628,,Unknown,,,,Unknown PMS - manual check,Tier 3 - Unknown PMS (qualify on call),No,,No,Adel Dental Practice,CQC directory (auto-downloaded),
The Parade Dental,,"5 Shopping Centre,  Holt Road, Leeds",LS16 7SR,Adel/Wharfedale,01132 614228,,Unknown,,,,Unknown PMS - manual check,Tier 3 - Unknown PMS (qualify on call),No,,No,Dentique Dental Ltd,CQC directory (auto-downloaded),
King Lane Dental Care Limited,,"87 King Lane, Moortown, Leeds",LS17 5AX,Moortown/Alwoodley,01132 685711,https://www.kldc.co.uk,Unknown,,,,Unknown PMS - manual check,Tier 3 - Unknown PMS (qualify on call),No,,No,King Lane Dental Care Limited,CQC directory (auto-downloaded),website unreachable
The Temple Practice,,"375-377 Harrogate Road, Leeds",LS17 6DW,Moortown/Alwoodley,01132 680886,,Unknown,,,,Unknown PMS - manual check,Tier 3 - Unknown PMS (qualify on call),No,,No,The Leeds Dental Team Limited,CQC directory (auto-downloaded),
Street Lane Dental Centre,,"457 Street Lane, Moortown, Leeds",LS17 6HQ,Moortown/Alwoodley,01132 689696,,Unknown,,,,Unknown PMS - manual check,Tier 3 - Unknown PMS (qualify on call),No,,No,Street Lane Dental Centre Partnership,CQC directory (auto-downloaded),
Corner House Dental Practice,,"5-6 The Corner House, Moortown Centre, Leeds",LS17 6LD,Moortown/Alwoodley,01132 665184,,Unknown,,,,Unknown PMS - manual check,Tier 3 - Unknown PMS (qualify on call),No,,No,Natwarlal Tibrewal,CQC directory (auto-downloaded),
The Dentist,,"351 Harrogate Road, Leeds",LS17 6PZ,Moortown/Alwoodley,0794 4353720,https://www.thedentsistuk.com,Unknown,,,,Unknown PMS - manual check,Tier 3 - Unknown PMS (qualify on call),No,,No,Advanced Oral Care Ltd,CQC directory (auto-downloaded),website unreachable
Street Lane Dental Implant Clinic,,"359 Street Lane, Leeds",LS17 6RU,Moortown/Alwoodley,01132 682500,,Unknown,,,,Unknown PMS - manual check,Tier 3 - Unknown PMS (qualify on call),No,,No,Mr. Paul Roberts,CQC directory (auto-downloaded),
Nursery Lane Dental,,"176 Nursery Lane, Alwoodley, Leeds",LS17 7AQ,Moortown/Alwoodley,01132 686508,,Unknown,,,,Unknown PMS - manual check,Tier 3 - Unknown PMS (qualify on call),No,,No,NL Practice Limited,CQC directory (auto-downloaded),
Primley Park Dentistry,,"16 Nursery Lane, Leeds",LS17 7HN,Moortown/Alwoodley,01132 685645,https://www.primleypark.com,Unknown,,none,,Unknown PMS - manual check,Tier 3 - Unknown PMS (qualify on call),No,,No,Primley Park Dentistry Limited,CQC directory (auto-downloaded),
High Ash Dental Practice,,"88 High Ash Drive, Leeds",LS17 8RE,Moortown/Alwoodley,01132 688391,,Unknown,,,,Unknown PMS - manual check,Tier 3 - Unknown PMS (qualify on call),No,,No,Mr. Abdul Munaf Qayyum,CQC directory (auto-downloaded),
Shadwell Dental Care Limited,,"18-24 Slaid Hill Court, Slaid Hill, Leeds",LS17 8TJ,Moortown/Alwoodley,01132 371191,https://www.shadwelldentalcare.co.uk,Unknown,,none,,Unknown PMS - manual check,Tier 3 - Unknown PMS (qualify on call),No,,No,Shadwell Dental Care Limited,CQC directory (auto-downloaded),
Dental Excellence Harewood,,"Moor House, 72a The Square,  Harewood, Leeds",LS17 9LQ,Moortown/Alwoodley,01132 181919,,Unknown,,,,Unknown PMS - manual check,Tier 3 - Unknown PMS (qualify on call),No,,No,Dental Excellence - Harewood Practice LLP,CQC directory (auto-downloaded),
Ivory Dental Practice Limited,,"108-110 Town Street, Horsforth, Leeds",LS18 4AH,Horsforth,01132 583349,,Unknown,,,,Unknown PMS - manual check,Tier 3 - Unknown PMS (qualify on call),No,,No,Envisage Dental UK Limited,CQC directory (auto-downloaded),
Perfect Smile Clinic Horsforth,,"251 New Road Side, Horsforth, Leeds",LS18 4DR,Horsforth,,,Unknown,,,,Unknown PMS - manual check,Tier 3 - Unknown PMS (qualify on call),No,,No,Perfect Smile Clinic (UK) Ltd,CQC directory (auto-downloaded),
Alexandra Road Dental Practice,,"14 Alexandra Road, Horsforth, Leeds",LS18 4HD,Horsforth,01132 818873,,Unknown,,,,Unknown PMS - manual check,Tier 3 - Unknown PMS (qualify on call),No,,No,W&S Dental Limited,CQC directory (auto-downloaded),
Horsforth Smile Clinic,,"2 Town Street, Horsforth, Leeds",LS18 4RJ,Horsforth,01132 588780,https://www.horsforthsmileclinic.co.uk,Unknown,,none,,Unknown PMS - manual check,Tier 3 - Unknown PMS (qualify on call),No,,No,Mr. Zafar Khan,CQC directory (auto-downloaded),
Horsforth Dental Practice,Yorkshire Myobrace Limited,"2 Troy Road, Horsforth, Leeds",LS18 5NQ,Horsforth,01132 582180,,Unknown,,,,Unknown PMS - manual check,Tier 3 - Unknown PMS (qualify on call),No,,No,Yorkshire Myobrace Limited,CQC directory (auto-downloaded),
Rawdon Dental Practice,,"Gable House,  11A New Road Side, Rawdon, Leeds",LS19 6DD,Yeadon/Rawdon,01132 502844,,Unknown,,,,Unknown PMS - manual check,Tier 3 - Unknown PMS (qualify on call),No,,No,S J Ward Limited,CQC directory (auto-downloaded),
Rawdon Lights Dental Care,,"16 Harrogate Road, Rawdon, Leeds",LS19 6HJ,Yeadon/Rawdon,01132 502003,https://www.toothpixie.co.uk,Unknown,,,,Unknown PMS - manual check,Tier 3 - Unknown PMS (qualify on call),No,,No,Mr. Matthew Hawker,CQC directory (auto-downloaded),website unreachable
Yeadon Dental Centre,,"25 High Street, Yeadon, Leeds",LS19 7SP,Yeadon/Rawdon,01132 508777,https://www.yeadondentalcentre.co.uk,Unknown,,none,,Unknown PMS - manual check,Tier 3 - Unknown PMS (qualify on call),No,,No,Target Dental Limited,CQC directory (auto-downloaded),
Aesthetique Dental Care,,"21 Wharf Street, Leeds",LS2 7EQ,Leeds city centre east,01132 458066,,Unknown,,,,Unknown PMS - manual check,Tier 3 - Unknown PMS (qualify on call),No,,No,Dr. Ferakh Hamid,CQC directory (auto-downloaded),
Quarry House Dental Practice Partnership,,"Quarry House, Quarry Hill, Leeds",LS2 7PD,Leeds city centre east,0773 8076534,,Unknown,,,,Unknown PMS - manual check,Tier 3 - Unknown PMS (qualify on call),No,,No,Quarry House Dental Practice Partnership,CQC directory (auto-downloaded),
White 32 | Dental,,"1 Wormald Row, Leeds",LS2 8DZ,Leeds city centre east,01133 474000,https://www.white32.com,Unknown,,none,,Unknown PMS - manual check,Tier 3 - Unknown PMS (qualify on call),No,,No,White 32 Ltd,CQC directory (auto-downloaded),
Leeds Dental Institute,,"The Worsley Building, Clarendon Way, Leeds",LS2 9LU,Leeds city centre east,01132 440111,https://www.leedsteachinghospitals.com/patients/aboutus/hospitals/dental_institute.php,Unknown,,,,Unknown PMS - manual check,Tier 3 - Unknown PMS (qualify on call),No,,No,Leeds Teaching Hospitals NHS Trust,CQC directory (auto-downloaded),website unreachable
Springfield Dental Clinic,,"2 Springfield Road, Guiseley, Leeds",LS20 8AL,Guiseley,01943 884848,,Unknown,,,,Unknown PMS - manual check,Tier 3 - Unknown PMS (qualify on call),No,,Yes,Ross Dental Surgeons Limited,CQC directory (auto-downloaded),
One Two Three Dental,,"123 Otley Road, Guiseley, Leeds",LS20 8BH,Guiseley,01943 874476,,Unknown,,,,Unknown PMS - manual check,Tier 3 - Unknown PMS (qualify on call),No,,No,Bickerton Dental Care Limited,CQC directory (auto-downloaded),
Guiseley Partnership,,"8 The Green, Guiseley, Leeds",LS20 9BT,Guiseley,01943 877530,,Unknown,,,,Unknown PMS - manual check,Tier 3 - Unknown PMS (qualify on call),No,,No,Guiseley Partnership,CQC directory (auto-downloaded),
Yorkshire Dental Suite Guiseley,,"Leeds Road, Guiseley, Leeds",LS20 9NA,Guiseley,01943 330010,,Unknown,,,,Unknown PMS - manual check,Tier 3 - Unknown PMS (qualify on call),No,,No,Mr Abdulbaset Dalghous,CQC directory (auto-downloaded),
Digital Smile Designs,,"44 Boroughgate, Otley",LS21 1AE,Otley,,,Unknown,,,,Unknown PMS - manual check,Tier 3 - Unknown PMS (qualify on call),No,,No,Target Dental Limited,CQC directory (auto-downloaded),
Otley Dental Centre,,"69 Boroughgate, Otley",LS21 1AG,Otley,01943 462215,https://www.otleydentalcentre.com,Unknown,,,,Unknown PMS - manual check,Tier 3 - Unknown PMS (qualify on call),No,,No,Target Dental Limited,CQC directory (auto-downloaded),website unreachable
Bridge Street Dental Practice,,"1b, Bridge Street, Otley",LS21 1BQ,Otley,01943 462415,,Unknown,,,,Unknown PMS - manual check,Tier 3 - Unknown PMS (qualify on call),No,,No,Dr Bikramjeet Singh Grewal,CQC directory (auto-downloaded),
Yorkshire Orthodontics,,"1 New Market, Otley",LS21 3AE,Otley,01943 464964,https://www.targetdental.co.uk,Unknown,,none,,Unknown PMS - manual check,Tier 3 - Unknown PMS (qualify on call),No,,No,Yorkshire Orthodontics Limited,CQC directory (auto-downloaded),
Collingham Dental Care,,"6 Hastings Court, Collingham, Wetherby",LS22 5AW,Wetherby,,,Unknown,,,,Unknown PMS - manual check,Tier 3 - Unknown PMS (qualify on call),No,,No,VSAM Limited,CQC directory (auto-downloaded),
HMYOI Wetherby,,"York Road, Wetherby",LS22 5ED,Wetherby,01937 544200,,Unknown,,,,Unknown PMS - manual check,Tier 3 - Unknown PMS (qualify on call),No,,No,Time for Teeth Limited,CQC directory (auto-downloaded),
Hopkinson Dental,,"19 Market Place, Wetherby",LS22 6LQ,Wetherby,01937 582972,https://www.hopkinsondental.co.uk,Unknown,,,,Unknown PMS - manual check,Tier 3 - Unknown PMS (qualify on call),No,,No,Hopkinson Dental Care Limited,CQC directory (auto-downloaded),website unreachable
York Place Dental Practice,,"3 York Place, Wetherby",LS22 6NZ,Wetherby,,,Unknown,,,,Unknown PMS - manual check,Tier 3 - Unknown PMS (qualify on call),No,,No,YPDP Ltd,CQC directory (auto-downloaded),
The Dental Hub Wetherby,,"Glen Lea, 20 York Road, Wetherby",LS22 6SL,Wetherby,01937 583502,,Unknown,,,,Unknown PMS - manual check,Tier 3 - Unknown PMS (qualify on call),No,,No,Drs Prince and Hansson,CQC directory (auto-downloaded),
Ashby Dental,,"16 Deighton Road, Wetherby",LS22 7TE,Wetherby,01937 580530,https://www.ashbydental.co.uk,Unknown,,none,,Unknown PMS - manual check,Tier 3 - Unknown PMS (qualify on call),No,,No,Portman Healthcare Limited,CQC directory (auto-downloaded),
Wetherby Orthodontics,,"16 Deighton Road, Wetherby, Leeds",LS22 7TE,Wetherby,01937 580510,https://www.wetherbyortho.co.uk,Unknown,,none,,Unknown PMS - manual check,Tier 3 - Unknown PMS (qualify on call),No,,No,Dr. Megan Hatfield,CQC directory (auto-downloaded),
210 Dental Clinic,,"210 High Street, Boston Spa, Wetherby",LS23 6BT,Boston Spa/Thorp Arch,01937 844124,,Unknown,,,,Unknown PMS - manual check,Tier 3 - Unknown PMS (qualify on call),No,,Yes,Dr. Maryam Hamer,CQC directory (auto-downloaded),
HMP Wealstun,,"Wealstun, Walton Road, Wetherby",LS23 7AZ,Boston Spa/Thorp Arch,,,Unknown,,,,Unknown PMS - manual check,Tier 3 - Unknown PMS (qualify on call),No,,No,Time for Teeth Limited,CQC directory (auto-downloaded),
Kirkgate Dental Surgery,,"36/38 Kirkgate, Tadcaster",LS24 9AD,Sherburn in Elmet,01937 835551,,Unknown,,,,Unknown PMS - manual check,Tier 3 - Unknown PMS (qualify on call),No,,No,Lloyd Lane Limited,CQC directory (auto-downloaded),
Bridge Street Dental Surgery,,"22 Bridge Street, Tadcaster",LS24 9AL,Sherburn in Elmet,01937 833416,,Unknown,,,,Unknown PMS - manual check,Tier 3 - Unknown PMS (qualify on call),No,,No,Bridge Street Dental Surgery,CQC directory (auto-downloaded),
Nichols and Fisher Dental Care,,"67a Wakefield Road, Garforth, Leeds",LS25 1AR,Garforth/Micklefield,01132 862450,,Unknown,,,,Unknown PMS - manual check,Tier 3 - Unknown PMS (qualify on call),No,,Yes,Nichols and Fisher Dental Care,CQC directory (auto-downloaded),
Garforth Dental,,"35B, Main Street,  Garforth, Leeds",LS25 1DS,Garforth/Micklefield,01132 867369,,Unknown,,,,Unknown PMS - manual check,Tier 3 - Unknown PMS (qualify on call),No,,No,Garforth Members Limited,CQC directory (auto-downloaded),
Fleur Dental Leeds,,"Unit 1 & 2 Lidgett Lane, Garforth, Leeds",LS25 1EH,Garforth/Micklefield,01135 112150,,Unknown,,,,Unknown PMS - manual check,Tier 3 - Unknown PMS (qualify on call),No,,No,Taheri Limited,CQC directory (auto-downloaded),
Enhancedental,,"York House,  16 Main Street, Garforth, Leeds",LS25 1EZ,Garforth/Micklefield,01132 860232,,Unknown,,,,Unknown PMS - manual check,Tier 3 - Unknown PMS (qualify on call),No,,No,Enhancedental,CQC directory (auto-downloaded),
Elmet Dental Care,,"2 Low Street, Sherburn In Elmet, Leeds",LS25 6BG,Garforth/Micklefield,01977 682573,,Unknown,,,,Unknown PMS - manual check,Tier 3 - Unknown PMS (qualify on call),No,,No,Elmet Dental Care,CQC directory (auto-downloaded),
Finkle Hill Dental Care,,"12c Finkle Hill, Sherburn In Elmet, Leeds",LS25 6EA,Garforth/Micklefield,0776 5888356,,Unknown,,,,Unknown PMS - manual check,Tier 3 - Unknown PMS (qualify on call),No,,Yes,Finkle Hill Dental Care Limited,CQC directory (auto-downloaded),
Kippax Dental Centre,,"271 Gibson Lane, Kippax, Leeds",LS25 7JN,Garforth/Micklefield,0785 4442612,,Unknown,,,,Unknown PMS - manual check,Tier 3 - Unknown PMS (qualify on call),No,,No,Garforth Members Limited,CQC directory (auto-downloaded),
Rothwell Dental Care,,"22 Royds Lane, Rothwell, Leeds",LS26 0BE,Rothwell/Woodlesford,01132 822233,,Unknown,,,,Unknown PMS - manual check,Tier 3 - Unknown PMS (qualify on call),No,,Yes,Matthew J. Millican Limited,CQC directory (auto-downloaded),
Rothwell Dental Surgery,,"4 Butcher Lane, Leeds",LS26 0DB,Rothwell/Woodlesford,01132 822972,,Unknown,,,,Unknown PMS - manual check,Tier 3 - Unknown PMS (qualify on call),No,,No,"Patricio, Ferreira and Prasad",CQC directory (auto-downloaded),
Maia Dental,,"Gillett Lane, Rothwell, Leeds",LS26 0EG,Rothwell/Woodlesford,01132 822238,,Unknown,,,,Unknown PMS - manual check,Tier 3 - Unknown PMS (qualify on call),No,,No,Maia Dental Limited,CQC directory (auto-downloaded),
Beechwood Dental Care,,"6A Beechwood Centre,  Church Street, Woodlesford, Leeds",LS26 8RE,Rothwell/Woodlesford,01132 826516,,Unknown,,,,Unknown PMS - manual check,Tier 3 - Unknown PMS (qualify on call),No,,No,Mr Phillip Duncan Reid,CQC directory (auto-downloaded),
Dental Rituals Leeds,,"Unit 5 Turnberry Park, Gildersome,  Morley, Leeds",LS27 7LE,Morley,01133 506090,,Unknown,,,,Unknown PMS - manual check,Tier 3 - Unknown PMS (qualify on call),No,,No,Taheri Limited,CQC directory (auto-downloaded),
Safe Dental,,"32 Commercial Street, Morley, Leeds",LS27 8HL,Morley,01132 525428,https://www.safe-dental.co.uk,Unknown,,,,Unknown PMS - manual check,Tier 3 - Unknown PMS (qualify on call),No,,No,S A Harrison Laboratories Limited,CQC directory (auto-downloaded),website unreachable
Fountain Dental Practice,,"Little Fountain Street, Morley, Leeds",LS27 9EN,Morley,01135 328111,,Unknown,,,,Unknown PMS - manual check,Tier 3 - Unknown PMS (qualify on call),No,,Yes,Dr Emmanuel Adedeji Fowode,CQC directory (auto-downloaded),
East Leigh Dental Care,Dr Matthew Booth,"103 Old Road, Farsley, Pudsey",LS28 5BR,Pudsey,01132 565459,,Unknown,,,,Unknown PMS - manual check,Tier 3 - Unknown PMS (qualify on call),No,,No,Dr Matthew Booth,CQC directory (auto-downloaded),
East Leigh Dental Care Limited,,"103 Old Road, Farsley, Pudsey",LS28 5BR,Pudsey,01132 565459,,Unknown,,,,Unknown PMS - manual check,Tier 3 - Unknown PMS (qualify on call),No,,No,East Leigh Dental Care Ltd,CQC directory (auto-downloaded),
Farsley Dental Practice,,"Town Street, Farsley, Pudsey",LS28 5HX,Pudsey,,,Unknown,,,,Unknown PMS - manual check,Tier 3 - Unknown PMS (qualify on call),No,,No,Farsley Dental Practice Limited,CQC directory (auto-downloaded),
Dynasty Dental Suite,,"2 Robin Lane, Pudsey",LS28 7BN,Pudsey,0800 7747106,https://www.dynastydentureclinics.co.uk,Unknown,,,,Unknown PMS - manual check,Tier 3 - Unknown PMS (qualify on call),No,,No,Dynasty Denture Clinics Ltd,CQC directory (auto-downloaded),website unreachable
Pudsey Implant Centre & Co,,"15 Lidget Hill, Pudsey",LS28 7LG,Pudsey,01132 576856,https://www.pudseydental.co.uk,Unknown,,,,Unknown PMS - manual check,Tier 3 - Unknown PMS (qualify on call),No,,No,Pudsey Implant Centre & Co,CQC directory (auto-downloaded),website unreachable
Muirhead Dental Health,,"103 Main Street, Addingham, Ilkley",LS29 0PD,Ilkley/Wharfedale,01943 830079,,Unknown,,,,Unknown PMS - manual check,Tier 3 - Unknown PMS (qualify on call),No,,No,Muirhead Dental Health Limited,CQC directory (auto-downloaded),
Muirhead Dental Health Addingham,,"103 Main Street, Addingham, Ilkley",LS29 0PD,Ilkley/Wharfedale,01943 830079,https://www.addinghamdentist.co.uk,Unknown,,none,,Unknown PMS - manual check,Tier 3 - Unknown PMS (qualify on call),No,,No,Peter Robbins and John Muirhead,CQC directory (auto-downloaded),
A Smile For Life - Bradford Road,,"52 Bradford Road, Menston, Ilkley",LS29 6BX,Ilkley/Wharfedale,01943 871855,https://www.asmileforlifeltd.co.uk,Unknown,,none,,Unknown PMS - manual check,Tier 3 - Unknown PMS (qualify on call),No,,No,A Smile For Life Limited,CQC directory (auto-downloaded),
Menston Dental Practice,,"90 Main Street, Menston, Ilkley",LS29 6HY,Ilkley/Wharfedale,01943 874484,https://www.menstondental.co.uk,Unknown,,none,,Unknown PMS - manual check,Tier 3 - Unknown PMS (qualify on call),No,,No,Ibrahim And Adam Limited,CQC directory (auto-downloaded),
The Burley Dental Suite,,"32 Station Road, Burley In Wharfedale, Ilkley",LS29 7JL,Ilkley/Wharfedale,01943 865600,https://www.burleydentalsuite.co.uk,Unknown,,none,,Unknown PMS - manual check,Tier 3 - Unknown PMS (qualify on call),No,,No,Envisage Dental UK Limited,CQC directory (auto-downloaded),
Portman Smile Clinic Ilkley,,"International Development Centre, Valley Drive, Ilkley",LS29 8AL,Ilkley/Wharfedale,,,Unknown,,,,Unknown PMS - manual check,Tier 3 - Unknown PMS (qualify on call),No,,No,Portman Healthcare Limited,CQC directory (auto-downloaded),
Ilkley Dental Care Limited,,"39 Leeds Road, Ilkley",LS29 8DP,Ilkley/Wharfedale,01943 608750,,Unknown,,,,Unknown PMS - manual check,Tier 3 - Unknown PMS (qualify on call),No,,No,Ilkley Dental Care Limited,CQC directory (auto-downloaded),
360 Visualise - Ilkley,,"International Development Centre, Valley Drive, Ilkley",LS29 8PB,Ilkley/Wharfedale,01943 601222,https://www.360v.co.uk,Unknown,,,,Unknown PMS - manual check,Tier 3 - Unknown PMS (qualify on call),No,,No,360 Visualise Limited,CQC directory (auto-downloaded),website unreachable
U Dentistry,,"The International Development Centre, Valley Drive, Ilkley",LS29 8PB,Ilkley/Wharfedale,01943 605058,,Unknown,,,,Unknown PMS - manual check,Tier 3 - Unknown PMS (qualify on call),No,,No,Envisage Dental UK Limited,CQC directory (auto-downloaded),
Regent Dental,,"2A Regent Road, Ilkley",LS29 9EA,Ilkley/Wharfedale,01943 661331,,Unknown,,,,Unknown PMS - manual check,Tier 3 - Unknown PMS (qualify on call),No,,No,Regent Dental Ltd,CQC directory (auto-downloaded),
Wells Road Dental Surgery,,"11 Wells Road, Ilkley",LS29 9JB,Ilkley/Wharfedale,01943 608748,,Unknown,,,,Unknown PMS - manual check,Tier 3 - Unknown PMS (qualify on call),No,,No,Wells Road Dental Surgery Ltd,CQC directory (auto-downloaded),
Specialist Dental Care Limited,,"29 The Grove, Ilkley",LS29 9NQ,Ilkley/Wharfedale,01943 608090,https://www.specialistdentalcare.com,Unknown,,none,,Unknown PMS - manual check,Tier 3 - Unknown PMS (qualify on call),No,,No,Specialist Dental Care Limited,CQC directory (auto-downloaded),
Acorn Dental Centre,,"64 The Grove, Ilkley",LS29 9PA,Ilkley/Wharfedale,01943 607474,,Unknown,,,,Unknown PMS - manual check,Tier 3 - Unknown PMS (qualify on call),No,,No,Target Dental Limited,CQC directory (auto-downloaded),
Clarendon Dental Spa,,"9 Woodhouse Square, Leeds",LS3 1AD,Burley/Kirkstall,01132 459004,,Unknown,,,,Unknown PMS - manual check,Tier 3 - Unknown PMS (qualify on call),No,,Yes,Clarendon Dental Spa (Leeds) Limited,CQC directory (auto-downloaded),
Kirkstall Road Dental Practice,,"327 Kirkstall Road, Leeds",LS4 2HD,Kirkstall/Burley,0779 2722679,,Unknown,,,,Unknown PMS - manual check,Tier 3 - Unknown PMS (qualify on call),No,,No,Mr Yusuf Patel,CQC directory (auto-downloaded),
Burley House Dental Care,,"350a Burley Road, Leeds",LS4 2NZ,Kirkstall/Burley,01132 746160,,Unknown,,,,Unknown PMS - manual check,Tier 3 - Unknown PMS (qualify on call),No,,No,Leeds Gentle Dental Centre Ltd,CQC directory (auto-downloaded),
Headingley Dental Care Centre,,"58 Brudenell Road, Headingley, Leeds",LS6 1EG,Headingley/Hyde Park,01132 785630,,Unknown,,,,Unknown PMS - manual check,Tier 3 - Unknown PMS (qualify on call),No,,No,Dr Altaf Hussain,CQC directory (auto-downloaded),
Deu Dental Headingley,,"10 Otley Road, Leeds",LS6 2AD,Headingley/Hyde Park,01132 784000,https://www.deuhealth.co.uk,Unknown,,none,,Unknown PMS - manual check,Tier 3 - Unknown PMS (qualify on call),No,,No,Dr. Jagtar Deu,CQC directory (auto-downloaded),
Tracey Black's Dental Surgery,,"1 St. Michaels Lane, Headingley, Leeds",LS6 3AN,Headingley/Hyde Park,01132 788998,,Unknown,,,,Unknown PMS - manual check,Tier 3 - Unknown PMS (qualify on call),No,,No,Dr Daniel Edward Kaufman,CQC directory (auto-downloaded),
Langdale Dental,,"1 Langdale Avenue, Leeds",LS6 3HA,Headingley/Hyde Park,01132 751249,,Unknown,,,,Unknown PMS - manual check,Tier 3 - Unknown PMS (qualify on call),No,,No,Cooper Dental Limited,CQC directory (auto-downloaded),
Smile Clinic Leeds (Headingley),,"44 North Lane,  Headingley, Leeds",LS6 3HU,Headingley/Hyde Park,01274 531567,,Unknown,,,,Unknown PMS - manual check,Tier 3 - Unknown PMS (qualify on call),No,,No,Mr Sandeep Sharma,CQC directory (auto-downloaded),
LS1dental,,"115a Otley Road, Headingley, Leeds",LS6 3PX,Headingley/Hyde Park,01132 786623,https://www.ls1dental.com,Unknown,,,,Unknown PMS - manual check,Tier 3 - Unknown PMS (qualify on call),No,,No,Dr. Arminder Hare,CQC directory (auto-downloaded),website unreachable
Meanwood Dental Practice,,"583 Meanwood Road, Leeds",LS6 4AY,Headingley/Hyde Park,01132 785966,,Unknown,,,,Unknown PMS - manual check,Tier 3 - Unknown PMS (qualify on call),No,,No,Dr Baljeet Singh Panesar,CQC directory (auto-downloaded),
Burton Croft Dental Care,,"5 Burton Crescent, Leeds",LS6 4DN,Headingley/Hyde Park,01132 741780,,Unknown,,,,Unknown PMS - manual check,Tier 3 - Unknown PMS (qualify on call),No,,No,Mr. Julian Brain,CQC directory (auto-downloaded),
Stonegate Dental,,"89 Stonegate Road, Meanwood, Leeds",LS6 4JE,Headingley/Hyde Park,01132 930380,,Unknown,,,,Unknown PMS - manual check,Tier 3 - Unknown PMS (qualify on call),No,,Yes,Stonegate Dental Limited,CQC directory (auto-downloaded),
Meanwood Dental Ltd,,"58, Stainbeck Road, Leeds",LS7 2PW,Chapel Allerton,01132 304010,,Unknown,,,,Unknown PMS - manual check,Tier 3 - Unknown PMS (qualify on call),No,,No,Meanwood Dental Limited,CQC directory (auto-downloaded),
Stainbeck Dental Surgery,,"Hammond and Coombs Dental Practice, 58 Stainbeck Road, Leeds",LS7 2PW,Chapel Allerton,01132 304010,,Unknown,,,,Unknown PMS - manual check,Tier 3 - Unknown PMS (qualify on call),No,,Yes,Stainbeck Dental Surgery,CQC directory (auto-downloaded),
Leeds Urgent Dental Centre,,"Unit 3, Gemini Business Park,  Sheepscar Way, Leeds",LS7 3JB,Chapel Allerton,01217 728886,,Unknown,,,,Unknown PMS - manual check,Tier 3 - Unknown PMS (qualify on call),No,,No,Night Dental Ltd,CQC directory (auto-downloaded),
Smiles on Harrogate Road,,"41 Harrogate Road, Leeds",LS7 3PD,Chapel Allerton,01133 000202,,Unknown,,,,Unknown PMS - manual check,Tier 3 - Unknown PMS (qualify on call),No,,No,GG Smiles Limited,CQC directory (auto-downloaded),
Aura Dental Studio,,"562 Scott Hall Road, Leeds",LS7 3RD,Chapel Allerton,0790 0020903,,Unknown,,,,Unknown PMS - manual check,Tier 3 - Unknown PMS (qualify on call),No,,No,Aura Dental Studio Limited,CQC directory (auto-downloaded),
Chapeltown Dental Pain and Stain Removal Clinic,,"168 Chapeltown Road, Leeds",LS7 4HP,Chapel Allerton,0775 8230223,,Unknown,,,,Unknown PMS - manual check,Tier 3 - Unknown PMS (qualify on call),No,,No,Chapeltown Dental Pain and Stain Removal Clinic Ltd,CQC directory (auto-downloaded),
Montreal Dental Care,,"8 Montreal Avenue, Leeds",LS7 4LF,Chapel Allerton,01132 621663,,Unknown,,,,Unknown PMS - manual check,Tier 3 - Unknown PMS (qualify on call),No,,No,Mr Imad Hashim Al-Hussein,CQC directory (auto-downloaded),
Yorkshire Orthodontics Leeds,,"25 Street Lane, Leeds",LS8 1BW,Roundhay/Fearnville,01943 465443,,Unknown,,,,Unknown PMS - manual check,Tier 3 - Unknown PMS (qualify on call),No,,No,Yorkshire Orthodontics Limited,CQC directory (auto-downloaded),
Precious Dental Care,,"20 Gledhow Avenue, Roundhay, Leeds",LS8 1NU,Roundhay/Fearnville,01132 667370,,Unknown,,,,Unknown PMS - manual check,Tier 3 - Unknown PMS (qualify on call),No,,Yes,Thota Associates,CQC directory (auto-downloaded),
Perfect Smile Clinic,,"252-254 Easterly Road, Oakwood, Leeds",LS8 3ES,Roundhay/Fearnville,01132 486777,,Unknown,,,,Unknown PMS - manual check,Tier 3 - Unknown PMS (qualify on call),No,,Yes,Perfect Smile Clinic (UK) Ltd,CQC directory (auto-downloaded),
Yorkshire Dental Suite,,"347 Oakwood Lane, Leeds",LS8 3HA,Roundhay/Fearnville,01138 879594,https://www.yorkshiredentalsuite.co.uk/,Unknown,,none,,Unknown PMS - manual check,Tier 3 - Unknown PMS (qualify on call),No,,No,Mr Abdulbaset Dalghous,CQC directory (auto-downloaded),
Oakwood Dental Practice,,"611 Roundhay Road, Leeds",LS8 4AR,Roundhay/Fearnville,01132 402140,,Unknown,,,,Unknown PMS - manual check,Tier 3 - Unknown PMS (qualify on call),No,,No,Oakwood Smiles Ltd,CQC directory (auto-downloaded),
Teeth,,"645a Roundhay Road, Oakwood, Leeds",LS8 4BA,Roundhay/Fearnville,01132 490578,https://www.teethatoakwood.co.uk,Unknown,,none,,Unknown PMS - manual check,Tier 3 - Unknown PMS (qualify on call),No,,No,Mr. Julian Bhowmick,CQC directory (auto-downloaded),
Chana Dental Practice - Leeds,,"74 Avenue Hill, Harehills, Leeds",LS8 4EZ,Roundhay/Fearnville,01132 623387,,Unknown,,,,Unknown PMS - manual check,Tier 3 - Unknown PMS (qualify on call),No,,No,Dr. Gurcharn Chana,CQC directory (auto-downloaded),
Roundhay Road Dental,,"313a Roundhay Road, Leeds",LS8 4HT,Roundhay/Fearnville,01132 490795,,Unknown,,,,Unknown PMS - manual check,Tier 3 - Unknown PMS (qualify on call),No,,No,The Centre of Advanced Dentistry Yorkshire Limited,CQC directory (auto-downloaded),
Jem Dental Care,,"210-214, Harehills Lane, Leeds",LS8 5DH,Roundhay/Fearnville,01132 492136,,Unknown,,,,Unknown PMS - manual check,Tier 3 - Unknown PMS (qualify on call),No,,No,Jem Dental Care Practice Partnership,CQC directory (auto-downloaded),
J H Sager Limited - Compton,,"401 Harehills Lane, Harehills, Leeds",LS9 6AP,Harehills/East Leeds,01132 493428,,Unknown,,,,Unknown PMS - manual check,Tier 3 - Unknown PMS (qualify on call),No,,No,JH Sager Limited,CQC directory (auto-downloaded),
Zayra Dental Practice,Dr Reshma Vallika Parambil,"599 Harehills Lane, Leeds",LS9 6NQ,Harehills/East Leeds,01132 488398,,Unknown,,,,Unknown PMS - manual check,Tier 3 - Unknown PMS (qualify on call),No,,No,Dr Reshma Vallika Parambil,CQC directory (auto-downloaded),
David Beevers Day Unit,,"St. James's University Hospital, Alma Street, Leeds",LS9 7BE,Harehills/East Leeds,01133 929875,https://www.leedsth.nhs.uk,Unknown,,,,Unknown PMS - manual check,Tier 3 - Unknown PMS (qualify on call),No,,No,Leeds Community Healthcare NHS Trust,CQC directory (auto-downloaded),website unreachable
The Dental Surgery Leeds,,"386 York Road, Leeds",LS9 9ED,Harehills/East Leeds,01132 495607,,Unknown,,,,Unknown PMS - manual check,Tier 3 - Unknown PMS (qualify on call),No,,No,Yorkshire Smiles Limited,CQC directory (auto-downloaded),
City Dental,,"26 Albion Place, Leeds",LS1 6JS,Leeds city centre,01132 454868,,Unknown,,,,Unknown PMS - manual check,Tier 4 - ADG corporate group (lower priority),Yes,Rodericks Dental,No,Rodericks Dental Partners Limited,CQC directory (auto-downloaded),
Bupa Dental Care Leeds,,"The Bridge, Waterloo Street, Leeds",LS10 1AP,Hunslet/South Leeds,,https://www.bupa.co.uk,Unknown,,,,Unknown PMS - manual check,Tier 4 - ADG corporate group (lower priority),Yes,Bupa Dental Care,No,Bupa Dental Services Limited,CQC directory (auto-downloaded),website unreachable
Lady Pit Lane Dental Practice,,"Lady Pit Lane Dental Practice, 2 Lady Pit Lane, Leeds",LS11 6AJ,Beeston/Holbeck,01132 457672,,Unknown,,,,Unknown PMS - manual check,Tier 4 - ADG corporate group (lower priority),Yes,Rodericks Dental,No,Rodericks Dental Partners Limited,CQC directory (auto-downloaded),
Bupa Dental Care Beeston,,"87 Old Lane, Beeston, Leeds",LS11 7AB,Beeston/Holbeck,01132 716400,https://www.beestondental.co.uk,Unknown,,,,Unknown PMS - manual check,Tier 4 - ADG corporate group (lower priority),Yes,Bupa Dental Care,No,Oasis Dental Care Limited,CQC directory (auto-downloaded),website unreachable
"mydentist Bramley Shopping Centre, Bramley",,"Units 26-29, Bramley Shopping Centre, Leeds",LS13 2ET,Bramley/Rodley,01132 565513,https://www.mydentist.co.uk,Unknown,MyDentist corporate,medium,MyDentist corporate:mydentist.co.uk,Unknown PMS - manual check,Tier 4 - ADG corporate group (lower priority),Yes,mydentist,No,Whitecross Dental Care Limited,CQC directory (auto-downloaded),
New Smile Dental Care Selby Road,,"95 Selby Road, Leeds",LS15 7JL,Cross Gates/Austhorpe,01132 405119,,Unknown,,,,Unknown PMS - manual check,Tier 4 - ADG corporate group (lower priority),Yes,Smile Dental Care,Yes,Mr. Simon Paul Agabeg,CQC directory (auto-downloaded),
"Mydentist Crossgates Shopping Centre, Crossgates",,"52A, Crossgates Shopping Centre, Leeds",LS15 8EU,Cross Gates/Austhorpe,113260092,,Unknown,,,,Unknown PMS - manual check,Tier 4 - ADG corporate group (lower priority),Yes,mydentist,No,Whitecross Dental Care Limited,CQC directory (auto-downloaded),
Bupa Dental Care Moortown,,"87 King Lane, Leeds",LS17 5AX,Moortown/Alwoodley,01132 685711,,Unknown,,,,Unknown PMS - manual check,Tier 4 - ADG corporate group (lower priority),Yes,Bupa Dental Care,No,King Lane Partnership,CQC directory (auto-downloaded),
New Smile Dental Care Woodhouse Lane,,"178 Woodhouse Lane, Leeds",LS2 9HB,Leeds city centre east,01132 425528,,Unknown,,,,Unknown PMS - manual check,Tier 4 - ADG corporate group (lower priority),Yes,Smile Dental Care,Yes,Mr. Simon Paul Agabeg,CQC directory (auto-downloaded),
Bupa Dental Care Guiseley,,"8 The Green, Guiseley, Leeds",LS20 9BT,Guiseley,01943 877530,,Unknown,,,,Unknown PMS - manual check,Tier 4 - ADG corporate group (lower priority),Yes,Bupa Dental Care,No,Apex Dental Care Limited,CQC directory (auto-downloaded),
Smile Dental Care Tadcaster,Smile Dental Care Group - Tadcaster,"The Old Bank, 26 Bridge Street, Tadcaster",LS24 9AL,Sherburn in Elmet,01937 413193,,Unknown,,,,Unknown PMS - manual check,Tier 4 - ADG corporate group (lower priority),Yes,Smile Dental Care,No,Smile Care United Ltd,CQC directory (auto-downloaded),
Genix Healthcare Dental Clinic - Garforth,,"54 Main Street, Garforth, Leeds",LS25 1AA,Garforth/Micklefield,01132 866133,https://www.genixhealthcare.com,Unknown,Dentally,high,Dentally:portal.dental,Dentally confirmed,Tier 4 - ADG corporate group (lower priority),Yes,Genix Healthcare,No,Genix Healthcare Ltd,CQC directory (auto-downloaded),
Dental Partners Morley,,"13 Watson Street, Morley, Leeds",LS27 0AH,Morley,01132 534550,,Unknown,,,,Unknown PMS - manual check,Tier 4 - ADG corporate group (lower priority),Yes,Rodericks Dental,No,Rodericks Dental Partners Limited,CQC directory (auto-downloaded),
"mydentist, Queen Street, Morley",,"129 Queen Street, Morley, Leeds",LS27 8HE,Morley,01204 799799,,Unknown,,,,Unknown PMS - manual check,Tier 4 - ADG corporate group (lower priority),Yes,mydentist,No,Whitecross Dental Care Limited,CQC directory (auto-downloaded),
Mydentist - Richardshaw Lane - Pudsey,mydentist,"51 Richardshaw Lane, Pudsey",LS28 7NB,Pudsey,01132 570921,https://www.mydentist.co.uk,Unknown,MyDentist corporate,medium,MyDentist corporate:mydentist.co.uk,Unknown PMS - manual check,Tier 4 - ADG corporate group (lower priority),Yes,mydentist,No,Whitecross Dental Care Limited,CQC directory (auto-downloaded),
Ilkley Dental Practice,,"19 Springs Lane, Ilkley",LS29 8TG,Ilkley/Wharfedale,01943 674080,,Unknown,,,,Unknown PMS - manual check,Tier 4 - ADG corporate group (lower priority),Yes,Rodericks Dental,No,Rodericks Dental Partners Limited,CQC directory (auto-downloaded),
Mydentist - Skinner Lane - Leeds,Whitecross Dental Care Limited,"Unit 7 & 8,  20:20 House Skinner Lane, Skinner Lane, Leeds",LS7 1BB,Chapel Allerton,01132 449900,,Unknown,,,,Unknown PMS - manual check,Tier 4 - ADG corporate group (lower priority),Yes,mydentist,No,Whitecross Dental Care Limited,CQC directory (auto-downloaded),
Mydentist - Sheepscar - Leeds,,"4 Sheepscar Court, Northside Business Park, Leeds",LS7 2BB,Chapel Allerton,01204 799799,https://www.mydentist.co.uk,Unknown,MyDentist corporate,medium,MyDentist corporate:mydentist.co.uk,Unknown PMS - manual check,Tier 4 - ADG corporate group (lower priority),Yes,mydentist,No,Whitecross Dental Care Limited,CQC directory (auto-downloaded),
Genix Healthcare East Park Ltd,,"5-7 East Park Road, East Park, Leeds",LS9 9JD,Harehills/East Leeds,01132 480589,https://www.genixhealthcare.com,Unknown,Dentally,high,Dentally:portal.dental,Dentally confirmed,Tier 4 - ADG corporate group (lower priority),Yes,Genix Healthcare,No,Genix Healthcare East Park Ltd,CQC directory (auto-downloaded),
