ADDRESS1,ADDRESS2,ADDRESS3,ADDRESS4,POSTCODE,TELEPHONE_NO,DENTISTTYPE,LCG,LGD
1 CASTLE AVENUE,,CASTLEWELLAN,,BT31 9DX,02843778319,GDS,SOUTH EASTERN,DOWN
1 CHURCH STREET,,ROSSLEA,,BT92 7DD,02867751800,GDS,WESTERN,FERMANAGH
1 ST PATRICK'S TERRACE,BUNCRANA ROAD,LONDONDERRY,,BT48 7QR,02871260612,GDS,WESTERN,DERRY
1 SYDNEY TERRACE,GT JAMES STREET,LONDONDERRY,,BT48 7DQ,02871264155,GDS,WESTERN,DERRY
10 FRANCES STREET,NEWTOWNARDS,,,BT23 4JA,,GDS,SOUTH EASTERN,ARDS
1003 UPPER NEWTOWNARDS RD,,BELFAST,,BT16 1RN,02890483240,GDS,BELFAST,CASTLEREAGH
11 MAIN STREET,,BALLYNAHINCH,,BT24 8DN,02897562676,GDS,SOUTH EASTERN,DOWN
11 VICTORIA ROAD,,LARNE,,BT40 1RT,02828260797,GDS,NORTHERN,LARNE
112 MOSS ROAD,LAMBEG,LISBURN,,BT27 4NU,02892665588,GDS,SOUTH EASTERN,LISBURN
116 HIGH STREET,,HOLYWOOD,,BT18 9HW,02890423934,GDS,SOUTH EASTERN,NORTH DOWN
13 BELFAST ROAD,ANTRIM,,,BT41 1NY,02894462335,GDS,NORTHERN,ANTRIM
13 CLARENDON STREET,,DERRY,,BT48 7EP,02871263397,GDS,WESTERN,DERRY
13 THE PARADE,,DONAGHADEE,,BT21 0AE,02891883513,GDS,SOUTH EASTERN,ARDS
139 FALLS ROAD,,BELFAST,,BT12 6AF,02890329092,GDS,BELFAST,BELFAST
14 FINAGHY ROAD SOUTH,,BELFAST,,BT10 0DR,02890582288,GDS,BELFAST,BELFAST
14 PORTAFERRY ROAD,,NEWTOWNARDS,,BT23 8NN,02891821348,GDS,SOUTH EASTERN,ARDS
14 RAILWAY ROAD,,COLERAINE,,BT52 1PD,02870343151,GDS,NORTHERN,COLERAINE
14 VICTORIA ROAD,,LARNE,,BT40 1RN,02828260170,GDS,NORTHERN,LARNE
152 ANDERSONSTOWN ROAD,,BELFAST,,BT11 9BY,02890613325,GDS,BELFAST,BELFAST
16 BELMORE STREET,,ENNISKILLEN,,BT74 6AA,02866323357,GDS,WESTERN,FERMANAGH
16 NEWRY RD,BANBRIDGE,,,BT32 3HN,02840624881,GDS,SOUTHERN,BANBRIDGE
165/167 CAVEHILL ROAD,,BELFAST,,BT15 5BP,02890370206,GDS,BELFAST,BELFAST
167 MOIRA ROAD,,LISBURN,,BT28 1RW,02892672399,GDS,SOUTH EASTERN,LISBURN
17 CHURCH ROAD,BESSBROOK,NEWRY,,BT35 7AQ,02830830218,GDS,SOUTHERN,NEWRY & MOURNE
17 STREAM STREET,,DOWNPATRICK,,BT30 6DD,02844612217,GDS,SOUTH EASTERN,DOWN
188 STEWARTSTOWN ROAD,,BELFAST,,BT17 0LE,02890610570,GDS,SOUTH EASTERN,LISBURN
19A MARKET SQUARE,,DROMORE,,BT25 1AW,02892699785,GDS,SOUTHERN,BANBRIDGE
208 ANTRIM ROAD,,BELFAST,,BT15 2AN,02890351127,GDS,BELFAST,BELFAST
20C NORTH STREET,,CROSSMAGLEN,,BT35 9AB,02830861100,GDS,SOUTHERN,NEWRY & MOURNE
21 SLOAN STREET,,LISBURN,,BT27 5AG,02892661616,GDS,SOUTH EASTERN,LISBURN
22 MAIN STREET,,BALLYNAHINCH,,BT24 8DN,02897562358,GDS,SOUTH EASTERN,DOWN
22 NORTH STREET,,CARRICKFERGUS,,BT38 7AQ,02893351418,GDS,NORTHERN,CARRICKFERGUS
22 WEST STREET,,CARRICKFERGUS,,BT38 7AR,02893368777,GDS,NORTHERN,CARRICKFERGUS
23 CHERRY DRIVE,,EGLINTON,,BT47 3US,02871811447,GDS,WESTERN,DERRY
244 SHANKILL ROAD,,BELFAST,,BT13 2BL,02890331298,GDS,BELFAST,BELFAST
24A ST PATRICK'S AVENUE,,DOWNPATRICK,,BT30 6DW,02844614900,GDS,SOUTH EASTERN,DOWN
27 MAIN STREET,,CAMLOUGH,,BT35 7JG,02830838585,GDS,SOUTHERN,NEWRY & MOURNE
3 DUKE STREET,,WARRENPOINT,,BT34 3JY,02841754242,GDS,SOUTHERN,NEWRY & MOURNE
32/34 UPPER MILL STREET,,NEWRY,,BT34 1EY,02830262322,GDS,SOUTHERN,NEWRY & MOURNE
33 CHLORINE GARDENS,,BELFAST,,BT9 5DL,02890667598,GDS,BELFAST,BELFAST
35 ST PATRICKS AVENUE,,DOWNPATRICK,,BT30 6DW,02844612231,GDS,SOUTH EASTERN,DOWN
36 DOBBIN STREET,ARMAGH,,,BT61 7QQ,02837522580,GDS,SOUTHERN,ARMAGH
36 KING STREET,,MAGHERAFELT,,BT45 6AS,02879631924,GDS,NORTHERN,MAGHERAFELT
4 WINDSOR HILL,,NEWRY,,BT34 1ER,02830263400,GDS,SOUTHERN,NEWRY & MOURNE
40 NORTHLAND ROW,,DUNGANNON,,BT71 6AP,02887722605,GDS,SOUTHERN,DUNGANNON
420 FALLS ROAD,,BELFAST,,BT12 6EN,02890328398,GDS,BELFAST,BELFAST
43 BALLYLESSON ROAD,,BALLYMENA,,BT42 3HW,02825654300,GDS,NORTHERN,BALLYMENA
47 CARLETON STREET,,PORTADOWN,,BT62 3EP,02838334672,GDS,SOUTHERN,CRAIGAVON
49/51 MAIN STREET,,FINTONA,,BT78 2AG,02882840150,GDS,WESTERN,OMAGH
5 NEWCASTLE STREET,,KILKEEL,,BT34 4AF,02841764210,GDS,SOUTHERN,NEWRY & MOURNE
5 WINDSOR HILL,,NEWRY,,BT34 1ER,02830833843,GDS,SOUTHERN,NEWRY & MOURNE
521 ANTRIM ROAD,,BELFAST,,BT15 3BS,02890771766,GDS,BELFAST,BELFAST
55 THOMAS STREET,,DUNGANNON,,BT70 1HW,02887722619,GDS,SOUTHERN,DUNGANNON
554 ANTRIM ROAD,,BELFAST,,BT15 5GJ,02890777025,GDS,BELFAST,BELFAST
58 MAIN STREET,,PORTGLENONE,,BT44 8HR,02825822115,GDS,NORTHERN,BALLYMENA
59 ABERCORN ROAD,,LONDONDERRY,,BT48 6TQ,02871262216,GDS,WESTERN,DERRY
6 HENRY STREET,,BALLYMENA,,BT42 3AH,02825659413,GDS,NORTHERN,BALLYMENA
6 PORTLAND AVENUE,NEWTOWNABBEY,,,BT36 5EY,,GDS,NORTHERN,NEWTOWNABBEY
6 THE CRESCENT,,BELFAST,,BT8 8DW,02890812431,GDS,BELFAST,CASTLEREAGH
60 MALONE ROAD,,BELFAST,,BT9 5BT,02890660066,GDS,BELFAST,BELFAST
6A LEVER ROAD,PORTSTEWART,,,BT55 7EF,02870832798,GDS,NORTHERN,COLERAINE
1 MANOR DRIVE,,LISBURN,,BT28 1JH,02892663364,GDS,SOUTH EASTERN,LISBURN
1 TEMPLEWELL,,TEMPLEPATRICK,,BT39 0AB,02894433888,GDS,NORTHERN,ANTRIM
103 MAIN STREET,,CRUMLIN,,BT29 4UU,02894453413,GDS,NORTHERN,ANTRIM
11 UNIVERSITY STREET,BELFAST,,,BT7 1FY,02890323321,GDS,BELFAST,BELFAST
115 BELMONT ROAD,,BELFAST,,BT4 2AD,02890471503,GDS,BELFAST,BELFAST
116 UPPER LISBURN ROAD,,BELFAST,,BT10 0BD,02890611880,GDS,BELFAST,BELFAST
12/14 RUSSELL STREET,,ARMAGH,,BT61 9AA,02837524958,GDS,SOUTHERN,ARMAGH
138 WHITEWELL ROAD,,BELFAST,,BT36 7EP,02890370279,GDS,BELFAST,BELFAST
143 LONGSTONE STREET,,LISBURN,,BT28 1TY,02892662518,GDS,SOUTH EASTERN,LISBURN
16 REGENT STREET,,NEWTOWNARDS,,BT23 4LH,02891812507,GDS,SOUTH EASTERN,ARDS
18 DARLING STREET,,ENNISKILLEN,,BT74 7HR,02866322983,GDS,WESTERN,FERMANAGH
18/24 WILLIAM STREET,,LURGAN,,BT66 6JA,02838322441,GDS,SOUTHERN,CRAIGAVON
18A JOHN WESLEY STREET,,STRABANE,,BT82 8EF,02871880318,GDS,WESTERN,STRABANE
19 CENTRAL AVENUE,,PORTSTEWART,,BT55 7BP,02870834555,GDS,NORTHERN,COLERAINE
1A LOCKVIEW ROAD,,BELFAST,,BT9 5FH,02890381445,GDS,BELFAST,BELFAST
2 PORTLAND AVENUE,,GLENGORMLEY,,BT36 5EY,02890832202,GDS,NORTHERN,NEWTOWNABBEY
21 PORTRUSH ROAD,,BALLYMONEY,,BT53 6BX,02827662145,GDS,NORTHERN,BALLYMONEY
211 ALBERTBRIDGE ROAD,BELFAST,,,BT5 4PU,02896919777,GDS,BELFAST,BELFAST
214 SHORE ROAD,,BELFAST,,BT15 3QB,02890370951,GDS,BELFAST,BELFAST
22 CHARLES STREET,,BALLYMONEY,,BT53 6DY,02827662226,GDS,NORTHERN,BALLYMONEY
22 DOAGH ROAD,,BALLYCLARE,,BT39 9BG,02893341437,GDS,NORTHERN,NEWTOWNABBEY
231 SHANKILL ROAD,,BELFAST,,BT13 1FQ,02890323526,GDS,BELFAST,BELFAST
24-34 RATHFRILAND STREET,,BANBRIDGE,,BT32 3LA,02840662645,GDS,SOUTHERN,BANBRIDGE
246/248 RAVENHILL ROAD,,BELFAST,,BT6 8GJ,02890459696,GDS,BELFAST,BELFAST
25 CHURCH STREET,,DROMORE,,BT25 1AA,02892692557,GDS,SOUTHERN,BANBRIDGE
254 BALLYSILLAN ROAD,,BELFAST,,BT14 6RA,02890714444,GDS,BELFAST,BELFAST
266 WOODSTOCK ROAD,,BELFAST,,BT6 9DN,02890457561,GDS,BELFAST,BELFAST
28 MAIN STREET,,NEWTOWNSTEWART,,BT78 4AA,02881662808,GDS,WESTERN,STRABANE
292 SHORE ROAD,,NEWTOWNABBEY,,BT37 9RW,02890365259,GDS,NORTHERN,NEWTOWNABBEY
30A FAIRHILL ROAD,,COOKSTOWN,,BT80 8AG,02886762306,GDS,NORTHERN,COOKSTOWN
32 RAINEY STREET,,MAGHERAFELT,,BT45 5AQ,02879633435,GDS,NORTHERN,MAGHERAFELT
32 SHORE ROAD,,HOLYWOOD,,BT18 9HX,02890427325,GDS,SOUTH EASTERN,NORTH DOWN
33 CAMPSIE ROAD,,OMAGH,,BT79 0AJ,02882242233,GDS,WESTERN,OMAGH
339 CREGAGH ROAD,,BELFAST,,BT6 0LE,02890792729,GDS,BELFAST,CASTLEREAGH
35 RATHFRILAND STREET,,BANBRIDGE,,BT32 3LA,02840628108,GDS,SOUTHERN,BANBRIDGE
37 BALLYGOMARTIN ROAD,,BELFAST,,BT13 3LA,02890391057,GDS,BELFAST,BELFAST
372 CREGAGH ROAD,,BELFAST,,BT6 9EY,02890793015,GDS,BELFAST,CASTLEREAGH
39 BACHELOR'S WALK,,LISBURN,,BT28 1XN,02892663022,GDS,SOUTH EASTERN,LISBURN
4 HAMILTON ROAD,,BANGOR,,BT20 4LE,02891270056,GDS,SOUTH EASTERN,NORTH DOWN
42 CIRCULAR ROAD,,DUNGANNON,,BT71 6BE,02887726979,GDS,SOUTHERN,DUNGANNON
434 LISBURN ROAD,,BELFAST,,BT9 6GR,02890667979,GDS,BELFAST,BELFAST
45 WILLIAM STREET,,PORTADOWN,,BT62 3NX,02838332944,GDS,SOUTHERN,CRAIGAVON
46 CLIFTONVILLE ROAD,,BELFAST,,BT14 6JY,02890351372,GDS,BELFAST,BELFAST
46 LONGSTONE STREET,,LISBURN,,BT28 1TP,02892634444,GDS,SOUTH EASTERN,LISBURN
4A WOODBURN PARK,,LONDONDERRY,,BT47 1PS,02871343543,GDS,WESTERN,DERRY
5 PUMP STREET,LONDONDERRY,,,BT48 6JG,02871308762,GDS,WESTERN,DERRY
50 STATION ROAD,,GREENISLAND,,BT38 8TP,02890860565,GDS,NORTHERN,CARRICKFERGUS
502 UPPER NEWTOWNARDS ROAD,,BELFAST,,BT4 3HB,02890653678,GDS,BELFAST,BELFAST
51C FORKHILL ROAD,,NEWRY,,BT35 8QX,02830266162,GDS,SOUTHERN,NEWRY & MOURNE
52 LOY STREET,,COOKSTOWN,,BT80 8PE,02886766072,GDS,NORTHERN,COOKSTOWN
54 FORTHILL STREET,,ENNISKILLEN,,BT74 6AJ,02866328333,GDS,WESTERN,FERMANAGH
6 LODGE ROAD,,COLERAINE,,BT52 1NB,02870344411,GDS,NORTHERN,COLERAINE
63 SOUTH STREET,NEWTOWNARDS,,,BT23 4JU,02891818909,GDS,SOUTH EASTERN,ARDS
64 DONAGHADEE RD,,BANGOR,,BT20 4QX,02891463352,GDS,SOUTH EASTERN,NORTH DOWN
65 CREGAGH ROAD,,BELFAST,,BT6 8PX,02890451966,GDS,BELFAST,BELFAST
74 GILFORD RD,PORTADOWN,,,BT63 5EG,02838333659,GDS,SOUTHERN,CRAIGAVON
81 MAIN STREET,,MOIRA,,BT67 0LH,02892611828,GDS,SOUTH EASTERN,LISBURN
94-96 HIGH STREET,,HOLYWOOD,,BT18 9HW,02890423306,GDS,SOUTH EASTERN,NORTH DOWN
BLOOMFIELD DENTAL STUDIO,GROUND FLOOR,344 BEERSBRIDGE ROAD,BELFAST,BT5 5DY,02890451989,GDS,BELFAST,BELFAST
CASSIDY & MCCREESH ORTHODONTIC PRACTICE,IRVINESTOWN ROAD,ENNISKILLEN,,BT74 6DN,02866325545,GDS,WESTERN,FERMANAGH
7 WATERSIDE,,COLERAINE,,BT51 3DP,02870342934,GDS,NORTHERN,COLERAINE
789 UPPER NEWTOWNARDS ROAD,,BELFAST,,BT16 2QY,02890483119,GDS,BELFAST,CASTLEREAGH
79 ANN STREET,,BALLYCASTLE,,BT54 6AB,02820762088,GDS,NORTHERN,MOYLE
8 MAIN STREET,,LISBELLAW,,BT94 5ER,02866387878,GDS,WESTERN,FERMANAGH
80 HIGH STREET,,LURGAN,,BT66 8BB,02838322257,GDS,SOUTHERN,CRAIGAVON
82 MAIN STREET,,MARKETHILL,,BT60 1PL,02837552000,GDS,SOUTHERN,ARMAGH
84 OLDMOUNTFIELD ROAD,,OMAGH,,BT79 7ET,02882251551,GDS,WESTERN,OMAGH
86 MAIN STREET,,FIVEMILETOWN,,BT75 0PW,02889521177,GDS,SOUTHERN,DUNGANNON
87 STRAND ROAD,,LONDONDERRY,,BT48 7NN,02871266000,GDS,WESTERN,DERRY
88 LOWER SCOTCH STREET,,DUNGANNON,,BT70 1BJ,02887723742,GDS,SOUTHERN,DUNGANNON
953 UPPER NEWTOWNARDS ROAD,,BELFAST,,BT16 1RL,02890483537,GDS,BELFAST,CASTLEREAGH
97 BRUNSWICK ROAD,,BANGOR,,BT20 3DW,02891270634,GDS,SOUTH EASTERN,NORTH DOWN
9A NEWRY ROAD,,BANBRIDGE,,BT32 3HF,02840669944,GDS,SOUTHERN,BANBRIDGE
ALTMORE DENTAL PRACTICE,61 THOMAS STREET,DUNGANNON,,BT70 1HW,02887722615,GDS,SOUTHERN,DUNGANNON
ANTRIM ROAD DENTAL CARE,277 ANTRIM ROAD,BELFAST,,BT15 2GZ,02890743709,GDS,BELFAST,BELFAST
BALLYMENA DENTAL CARE,125 BROUGHSHANE STREET,BALLYMENA,,BT43 6EE,02825656444,GDS,NORTHERN,BALLYMENA
CASTLEBAWN DENTAL PRACTICE,32-34 VICTORIA ROAD,BANGOR,,BT20 5EX,02891452555,GDS,SOUTH EASTERN,NORTH DOWN
CRUTCHLEYS DENTAL PRACTICE,116 UPPER LISBURN ROAD,BELFAST,,BT10 0BD,02890603440,GDS,BELFAST,BELFAST
DELICATE DENTAL,106 MAIN ST LISNASKEA,CO FERMANAGH,,BT92 0JD,02867722223,GDS,WESTERN,FERMANAGH
ELLIOTT HOUSE,5-7 BELMORE STREET,ENNISKILLEN,,BT74 6AA,02866323037,GDS,WESTERN,FERMANAGH
FOYLE DENTAL SPA,16C QUEEN STREET,LONDONDERRY,,BT48 7EQ,02871361181,GDS,WESTERN,DERRY
IRVINESTOWN DENTAL&IMPLANT CL,1 POUND STREET,IRVINESTOWN,ENNISKILLEN,BT94 1HE,0286828500,GDS,WESTERN,FERMANAGH
MAGHERA DENTAL CARE,27 CHURCH STREET,MAGHERA,,BT46 5EA,02879643396,GDS,NORTHERN,MAGHERAFELT
MAINE DENTAL PRACTICE,14B OLD MILL PARK,CULLYBACKEY,,BT42 1GP,02825880500,GDS,NORTHERN,BALLYMENA
NEWRY DENTURE CENTRE,100 HILL STREET,NEWRY,,BT34 1BT,02830265765,GDS,SOUTHERN,NEWRY & MOURNE
PASTE DENTAL,23 DUBLIN ROAD,BELFAST,,BT2 7HB,02890325345,GDS,BELFAST,BELFAST
RATHFRILAND DENTAL CARE,40 JOHN STREET,RATHFRILAND,,BT34 5QH,02840638733,GDS,SOUTHERN,BANBRIDGE
SLIABH MÓR DENTAL CARE,"KENNEDY CENTRE, 564-568 FALLS ROAD",BELFAST,,BT11 9AE,02890430110,GDS,BELFAST,BELFAST
SOUTH DOWN CLINIC,22 MERCHANTS QUAY,NEWRY,,BT35 6AH,02830251715,GDS,SOUTHERN,NEWRY & MOURNE
THE COURTYARD BUSINESS PARK,GALGORM CASTLE,BALLYMENA,,BT42 1HL,02825631122,GDS,NORTHERN,BALLYMENA
THE GRANGE DENTAL CARE,2 CREVENAGH ROAD,OMAGH,,BT79 0AL,02882244776,GDS,WESTERN,OMAGH
UNIT 18,THE DIAMOND CENTRE,MAGHERAFELT,,BT45 6ED,02879300020,GDS,NORTHERN,MAGHERAFELT
YEW TREE DENTAL PRACTICE,45-47 PATRICK STREET,NEWRY,,BT35 8EB,02830257676,GDS,SOUTHERN,NEWRY & MOURNE
CAUSEWAY ORTHO / CENTRE,12 SANDEL VILLAGE,COLERAINE,,BT52 1WW,02870356262,GDS,NORTHERN,COLERAINE
CHURCH ROAD DENTAL CARE,29 CHURCH ROAD,CARRYDUFF,,BT8 8DT,02890817848,GDS,BELFAST,CASTLEREAGH
CLAIRE HUGHES DENTAL,UNIT 8 14-22 SPENCER ROAD,LONDONDERRY,,BT47 6QA,02871311333,GDS,WESTERN,DERRY
CUSHENDALL DENTAL SURGERY,GLENS OF ANTRIM MEDICAL CENTRE,2 GORTACLEE ROAD CUSHENDALL,,BT44 0TE,02821771242,GDS,NORTHERN,MOYLE
DALRIADA URGENT CARE,DENTAL DEPARTMENT,20 LARNE LINK ROAD BALLYMENA,,BT42 3GA,02825663520,SALARIED,NORTHERN,BALLYMENA
DJ MAGUIRE CLINIC,HEATHWOOD HOUSE,87 BRIDGE STREET,PORTADOWN,BT63 5AA,02838702623,GDS,SOUTHERN,CRAIGAVON
DOWNE DENTAL CARE LTD,10 ENGLISH STREET,DOWNPATRICK,,BT30 6AB,02844614422,GDS,SOUTH EASTERN,DOWN
DUNGANNON HOUSE,139 MOORE STREET,AUGHNACLOY,,BT69 6AR,02885557275,GDS,SOUTHERN,DUNGANNON
GLENGORMLEY DENTAL UNIT 1-3,350 ANTRIM ROAD,GLENGORMLEY,,BT36 5EQ,02890833100,GDS,NORTHERN,NEWTOWNABBEY
KELLY DENTAL CARE,8 CLARENDON STREET,LONDONDERRY,,BT48 7ET,02871264451,GDS,WESTERN,DERRY
KENNEDY ORTHODONTICS,2ND FLOOR BEDECK BUILDING,"465 LISBURN ROAD, BELFAST",,BT9 7EX,02890660550,GDS,BELFAST,BELFAST
KILREA DENTAL SURGERY,33 MAGHERA STREET,KILREA,,BT51 5QL,02829540248,GDS,NORTHERN,COLERAINE
KIRCUBBIN DENTAL,68 - 70 MAIN STREET,KIRCUBBIN,,BT22 2SP,02842738729,GDS,SOUTH EASTERN,ARDS
MULGREW ORTHODONTICS,58 STRAND ROAD,LONDONDERRY,,BT48 7AJ,02871367424,GDS,WESTERN,DERRY
MURRAY'S DENTAL PRACTICE,1 MOUNTJOY ROAD,OMAGH,,BT79 7AA,02882242389,GDS,WESTERN,OMAGH
NI DENTAL CARE,639 LISBURN RD,BELFAST,,BT9 7GT,02890664009,GDS,BELFAST,BELFAST
OFFICE 5/LEGAHORY CENTRE,BROWNLOW,CRAIGAVON,,BT65 5BE,02838322080,GDS,SOUTHERN,CRAIGAVON
ORTHOPLUS,12 BALLYMONEY ROAD,BALLYMENA,,BT43 5BY,02825655500,GDS,NORTHERN,BALLYMENA
THE VILLAGE DENTAL PRACTICE,33 DOWNPATRICK STREET,CROSSGAR,,BT30 9EA,02844830111,GDS,SOUTH EASTERN,DOWN
UNIT 2,3A KILLYCOLP ROAD,COOKSTOWN,,BT80 9AD,02886761108,GDS,NORTHERN,COOKSTOWN
UNIT 3 CLOUGHOGUE BUSINESS PARK,14 FORKHILL ROAD,NEWRY,,BT35 8RA,02830267484,GDS,SOUTHERN,NEWRY & MOURNE
ZEN ORTHODONTICS,2 DOWNSHIRE CLOSE,NEWRY,,BT34 1FD,02830252110,GDS,SOUTHERN,NEWRY & MOURNE
10 TREVOR HILL,,NEWRY,,BT34 1DN,02830262057,GDS,SOUTHERN,NEWRY & MOURNE
107 HOLYWOOD ROAD,,BELFAST,,BT4 3BE,02890471511,GDS,BELFAST,BELFAST
107 KINGSWAY,,DUNMURRY,,BT17 9NS,02890613322,GDS,SOUTH EASTERN,LISBURN
11 THE DIAMOND CENTRE,,MAGHERAFELT,,BT45 6EB,02879632495,GDS,NORTHERN,MAGHERAFELT
12 DOWNS ROAD,,NEWCASTLE,,BT33 0AG,02843722302,GDS,SOUTH EASTERN,DOWN
12 FINAGHY ROAD SOUTH,,BELFAST,,BT10 0DR,02890614937,GDS,BELFAST,BELFAST
1-3 BACHELORS WALK,LISBURN,,,BT28 1XJ,02892679060,GDS,SOUTH EASTERN,LISBURN
137 OLD GLENARM ROAD,,LARNE,,BT40 1NH,02828273737,GDS,NORTHERN,LARNE
14 BALLYMONEY ROAD,,BALLYMENA,,BT43 5BY,02825655060,GDS,NORTHERN,BALLYMENA
14 TREVOR HILL,,NEWRY,,BT34 1DN,02830261565,GDS,SOUTHERN,NEWRY & MOURNE
15 UPPER DUNMURRY LANE,,BELFAST,,BT17 0AA,02890618545,GDS,SOUTH EASTERN,LISBURN
15 WINDSOR AVENUE,,BELFAST,,BT9 6EE,02890381822,GDS,BELFAST,BELFAST
163 ANDERSONSTOWN ROAD,,BELFAST,,BT11 9EA,02890611444,GDS,BELFAST,BELFAST
17/19 MAIN STREET,,PORTGLENONE,,BT44 8AA,02825822262,GDS,NORTHERN,BALLYMENA
18 DENTAL,18 LODGE ROAD,COLERAINE,,BT52 1NB,02870327057,GDS,NORTHERN,COLERAINE
18 KILLINCHY STREET,,COMBER,,BT23 5AP,02891872482,GDS,SOUTH EASTERN,ARDS
1A STATION ROAD,,HELENS BAY,,BT19 1TN,02891853304,GDS,SOUTH EASTERN,NORTH DOWN
2 CARLISLE VILLAS,,OMAGH,,BT79 7DH,02882242145,GDS,WESTERN,OMAGH
2 THE SQUARE,STRANGFORD,DOWNPATRICK,,BT30 7ND,02844881995,GDS,SOUTH EASTERN,DOWN
22 HIGHTOWN ROAD,,GLENGORMLEY,,BT36 7UA,02890832022,GDS,NORTHERN,NEWTOWNABBEY
22 LISBURN STREET,,HILLSBOROUGH,,BT26 6AB,02892688388,GDS,SOUTH EASTERN,LISBURN
236 ANTRIM ROAD,,BELFAST,,BT15 2AN,02890749679,GDS,BELFAST,BELFAST
24 BARRACK STREET,,COALISLAND,,BT71 4LS,02887740995,GDS,SOUTHERN,DUNGANNON
25 CLARENDON STREET,DERRY,,,BT48 7EP,02871369050,GDS,WESTERN,DERRY
25 LINENHALL STREET,,BALLYMENA,,BT43 5AJ,02825652565,GDS,NORTHERN,BALLYMENA
25 MAIN STREET,,BROUGHSHANE,,BT42 4JW,02825862224,GDS,NORTHERN,BALLYMENA
25 PATRICK STREET,,NEWRY,,BT35 8EB,02830263326,GDS,SOUTHERN,NEWRY & MOURNE
3 JAMES STREET,,OMAGH,,BT78 1DH,02882249555,GDS,WESTERN,OMAGH
3 LODGE ROAD,,COLERAINE,,BT52 1LU,02870342393,GDS,NORTHERN,COLERAINE
33 BACHELORS WALK,,LISBURN,,BT28 1XN,02892663893,GDS,SOUTH EASTERN,LISBURN
33/35 SANDOWN ROAD,,BELFAST,,BT5 6GT,02890471070,GDS,BELFAST,BELFAST
34 HIGH STREET,DRAPERSTOWN,MAGHERAFELT,,BT45 7AA,02879627677,GDS,NORTHERN,MAGHERAFELT
34 MAIN STREET,,CASTLEDERG,,BT81 7AT,02881670770,GDS,WESTERN,STRABANE
354 ANTRIM ROAD,,BELFAST,,BT15 5AE,02890371517,GDS,BELFAST,BELFAST
38 CATHERINE STREET,,LIMAVADY,,BT49 9DB,02877765077,GDS,WESTERN,LIMAVADY
385 ANTRIM ROAD,,BELFAST,,BT15 3BG,02890754916,GDS,BELFAST,BELFAST
39 MARY STREET,,NEWRY,,BT34 2AA,02830262612,GDS,SOUTHERN,NEWRY & MOURNE
4 HARBOUR ROAD,,KILKEEL,,BT34 4AR,02841764846,GDS,SOUTHERN,NEWRY & MOURNE
4 LADYBROOK PARK,,BELFAST,,BT11 9EL,02890301999,GDS,BELFAST,BELFAST
415-417 NEWTOWNARDS ROAD,BELFAST,,,BT4 1AQ,02890732000,GDS,BELFAST,BELFAST
41A BELMORE STREET,,ENNISKILLEN,,BT74 6AA,02866340005,GDS,WESTERN,FERMANAGH
42 HAMILTON ROAD,,BANGOR,,BT20 4LE,02891272525,GDS,SOUTH EASTERN,NORTH DOWN
440 ANTRIM ROAD,,BELFAST,,BT15 5GB,02890774633,GDS,BELFAST,BELFAST
46 BRADBURY PLACE,,BELFAST,,BT7 1RU,02890222444,GDS,BELFAST,BELFAST
47 MAIN STREET,,NEWCASTLE,,BT33 0AD,02843724275,GDS,SOUTH EASTERN,DOWN
48 KILLYLEAGH STREET,CROSSGAR,CO. DOWN,,BT30 9DQ,02844832585,GDS,SOUTH EASTERN,DOWN
49 HIGH STREET,,BALLYMONEY,,BT53 6BG,02827662532,GDS,NORTHERN,BALLYMONEY
5 NORTH STREET,,NEWTOWNARDS,,BT23 4DE,02891812615,GDS,SOUTH EASTERN,ARDS
51 VICTORIA ROAD,,CARRICKFERGUS,,BT38 7JJ,02893351825,GDS,NORTHERN,CARRICKFERGUS
53 MAIN STREET,,RANDALSTOWN,,BT41 3BB,02894472311,GDS,NORTHERN,ANTRIM
543 ANTRIM ROAD,,BELFAST,,BT15 3BU,02890370144,GDS,BELFAST,BELFAST
55/57 HIGH STREET,,DONAGHADEE,,BT21 0AQ,02891882572,GDS,SOUTH EASTERN,ARDS
6 ANNE STREET,,ENNISKILLEN,,BT74 7ES,02866322628,GDS,WESTERN,FERMANAGH
6 MONAGHAN COURT,,NEWRY,,BT35 6BH,02830898104,GDS,SOUTHERN,NEWRY & MOURNE
6 NEW BRIGHTON TERRACE,,OMAGH,,BT78 1LL,02882242218,GDS,WESTERN,OMAGH
6 VICTORIA STREET,,ARMAGH,,BT61 9DT,02837522135,GDS,SOUTHERN,ARMAGH
6A MARKET LANE,,LISBURN,,BT28 1YG,02892663414,GDS,SOUTH EASTERN,LISBURN
74 SPRINGFIELD ROAD,,BELFAST,,BT12 7AH,02890322691,GDS,BELFAST,BELFAST
83A BRIDGE STREET,,PORTADOWN,,BT63 5AA,02838334116,GDS,SOUTHERN,CRAIGAVON
84 FORTHILL STREET,,ENNISKILLEN,,BT74 6AJ,02866328329,GDS,WESTERN,FERMANAGH
86 SPENCER ROAD,,LONDONDERRY,,BT47 1AG,02871344234,GDS,WESTERN,DERRY
89 TEMPO ROAD,,ENNISKILLEN,,BT74 6HR,02866340004,GDS,WESTERN,FERMANAGH
BELMONT ORTHODONTICS,98 BELMONT ROAD,BELFAST,,BT4 2AP,02890656666,GDS,BELFAST,BELFAST
BUPA DENTAL CARE,BANGOR SPRINGHILL,4A KILLEEN AVENUE,BANGOR,BT19 1NB,02891274101,GDS,SOUTH EASTERN,NORTH DOWN
CHURCH PLACE DENTAL,21 CHURCH PLACE,LURGAN,,BT66 6EY,02838325979,GDS,SOUTHERN,CRAIGAVON
CLEAR DENTAL,1 FOUNTAIN HILL,ANTRIM,,BT41 1LZ,02894485949,GDS,NORTHERN,ANTRIM
DIAMOND DENTAL CLINIC,7 BURN ROAD,COOKSTOWN,,BT80 8DL,02886762200,GDS,NORTHERN,COOKSTOWN
EBRINGTON DENTAL,CUNNINGHAM BUILDING,4 EBRINGTON SQUARE,LONDONDERRY,BT47 6FR,02871361940,GDS,WESTERN,DERRY
FLAT 2 IVEAGH FLATS,RAILWAY STREET,NEWCASTLE,,BT33 0SP,02843723776,GDS,SOUTH EASTERN,DOWN
GRANSHA DENTAL SURGERY,89A GLEN ROAD,BELFAST,,BT11 8BD,08445769505,GDS,BELFAST,BELFAST
HEALTHODONTIC,38 BRUNSWICK ROAD,BANGOR,,BT20 3DU,02891462234,GDS,SOUTH EASTERN,NORTH DOWN
MOY ORTHODONTIC CLINIC,31 THE SQUARE,MOY,,BT71 7SG,02887784827,GDS,SOUTHERN,DUNGANNON
NIGEL SMITH DENTAL CARE,107 HAMILTON ROAD,BANGOR,,BT20 4LN,02891270657,GDS,SOUTH EASTERN,NORTH DOWN
PORTRUSH DENTAL CARE,22 DUNLUCE AVENUE,PORTRUSH,,BT56 8DW,02870825000,GDS,NORTHERN,COLERAINE
RATHGAR HOUSE,2 RATHGAR STREET,BELFAST,,BT9 7EZ,02890666684,GDS,BELFAST,BELFAST
ROSCONNOR SPECIALIST DENTISTRY,1 WATERSIDE CENTRE,GLENDERMOTT ROAD,DERRY,BT47 6BG,02827662145,GDS,WESTERN,DERRY
SLEMISH DC & AESTHETICS,20 BROUGHSHANE STREET,BALLYMENA,,BT43 6EB,02825656703,GDS,NORTHERN,BALLYMENA
THE HEALTH CENTRE,3 NEILLSBROOK ROAD,RANDALSTOWN,,BT41 3AE,02894472321,GDS,NORTHERN,ANTRIM
TOOME HOUSE,55 MAIN STREET,TOOMEBRIDGE,,BT41 3TF,02879650630,GDS,NORTHERN,ANTRIM
TWIN SPIRES DENTAL SURGERY,155 NORTHUMBERLAND STREET,BELFAST,,BT13 2JF,02890240635,GDS,BELFAST,BELFAST
UNIT 7 1ST FLOOR,DERRY ROAD RETAIL PARK,OMAGH,,BT78 5DR,02882244820,GDS,WESTERN,OMAGH
1 MOUNT ORIEL,,BELFAST,,BT8 7HR,02890402688,GDS,BELFAST,CASTLEREAGH
10 LOWER CRESCENT,,BELFAST,,BT7 1NR,02890246311,GDS,BELFAST,BELFAST
105 MONKSTOWN ROAD,MONKSTOWN,NEWTOWNABBEY,,BT37 0LG,02890863498,GDS,NORTHERN,NEWTOWNABBEY
109G CLANDEBOYE ROAD,,BANGOR,,BT20 3JW,02891270873,GDS,SOUTH EASTERN,NORTH DOWN
11 KIRK AVENUE,MAGHERAFELT,,,BT45 6BT,02879632255,GDS,NORTHERN,MAGHERAFELT
110 MAIN STREET,GARVAGH,COLERAINE,,BT51 5AD,02829558818,GDS,NORTHERN,COLERAINE
114 CASTLEREAGH ROAD,,BELFAST,,BT5 5FR,02890451303,GDS,BELFAST,BELFAST
11A CHURCH STREET,,BANBRIDGE,,BT32 4AA,02840662727,GDS,SOUTHERN,BANBRIDGE
12 LOY STREET,,COOKSTOWN,,BT80 8PE,02886762206,GDS,NORTHERN,COOKSTOWN
1-2 TIMBER QUAY,STRAND ROAD,DERRY,,BT48 7NR,02871368448,GDS,WESTERN,DERRY
13-15 DUKE STREET,,BALLYMENA,,BT43 6BL,02825639333,GDS,NORTHERN,BALLYMENA
138 DOAGH ROAD,,NEWTOWNABBEY,,BT37 9QR,02890862726,GDS,NORTHERN,NEWTOWNABBEY
14 CHURCH STREET,,WARRENPOINT,,BT34 3HN,02841752220,GDS,SOUTHERN,NEWRY & MOURNE
14 MARINE PARADE,,WHITEHEAD,,BT38 9QP,02893372299,GDS,NORTHERN,CARRICKFERGUS
14 RAILWAY STREET,,LISBURN,,BT28 1XG,02892663185,GDS,SOUTH EASTERN,LISBURN
15 IRISH STREET,,DOWNPATRICK,,BT30 6BW,02844612249,GDS,SOUTH EASTERN,DOWN
15A MARKET SQUARE,,ANTRIM,,BT41 4AW,02894465111,GDS,NORTHERN,ANTRIM
16-18 MAIN STREET,,SAINTFIELD,,BT24 7AA,02897519055,GDS,SOUTH EASTERN,DOWN
19 FRANCES STREET,,NEWTOWNARDS,,BT23 7DW,02891813288,GDS,SOUTH EASTERN,ARDS
19 ST BRIDES STREET,,CARRICKFERGUS,,BT38 8AF,02893366909,GDS,NORTHERN,CARRICKFERGUS
1A LOUGHSHORE COURTYARD,630 SHORE ROAD,WHITEABBEY,,BT37 0SN,02890854014,GDS,NORTHERN,NEWTOWNABBEY
"1ST FLOOR, 40 BALLYRONAN ROAD",,MAGHERAFELT,,BT45 6EN,02879300700,GDS,NORTHERN,MAGHERAFELT
2 BINGHAM LANE,,BANGOR,,BT20 5DR,02891271026,GDS,SOUTH EASTERN,NORTH DOWN
21/23 CASTLE STREET,,BALLYMENA,,BT43 7BT,02825652931,GDS,NORTHERN,BALLYMENA
218 ORMEAU RD,,BELFAST,,BT7 2FY,02890693330,GDS,BELFAST,BELFAST
222 KNOCK ROAD,,BELFAST,,BT5 6QD,02890401851,GDS,BELFAST,CASTLEREAGH
22A GROOMSPORT ROAD,,BANGOR,,BT20 5LN,02891465625,GDS,SOUTH EASTERN,NORTH DOWN
230 KINGSWAY,,BELFAST,,BT17 9AE,02890301151,GDS,SOUTH EASTERN,LISBURN
25 QUEEN STREET,,BALLYMONEY,,BT53 6HZ,02827663808,GDS,NORTHERN,BALLYMONEY
25 STEWARTSTOWN ROAD,,BELFAST,,BT11 9FY,02890283800,GDS,BELFAST,BELFAST
279 GROSVENOR ROAD,,BELFAST,,BT12 4LL,02890438395,GDS,BELFAST,BELFAST
27A MAIN STREET,,RICHHILL,,BT61 9PJ,02838870884,GDS,SOUTHERN,ARMAGH
28 DUNGANNON STREET,MOY,DUNGANNON,,BT71 7SH,02887784977,GDS,SOUTHERN,DUNGANNON
29 CHURCH STREET,,TANDRAGEE,,BT62 2AF,02838841778,GDS,SOUTHERN,ARMAGH
29 NEWRY STREET,KILKEEL,NEWRY,,BT34 4DN,02841765672,GDS,SOUTHERN,NEWRY & MOURNE
29 WALLACE AVENUE,,LISBURN,,BT27 4AE,02892663222,GDS,SOUTH EASTERN,LISBURN
30 BRIDGE STREET,,STRABANE,,BT82 9AE,02871382820,GDS,WESTERN,STRABANE
30 RASHEE ROAD,,BALLYCLARE,,BT39 9HJ,02893352805,GDS,NORTHERN,NEWTOWNABBEY
305 CAVEHILL ROAD,,BELFAST,,BT15 5EY,02890715211,GDS,BELFAST,BELFAST
32 ABBEY STREET,,BANGOR,,BT20 4JA,02891270041,GDS,SOUTH EASTERN,NORTH DOWN
324 ORMEAU ROAD,,BELFAST,,BT7 2GE,02890491367,GDS,BELFAST,BELFAST
33 GILNAHIRK ROAD,,BELFAST,,BT5 7DB,02890401689,GDS,BELFAST,BELFAST
3-4A MOAT HOUSE,963-969 UPPER NEWTOWNARDS ROAD,BELFAST,,BT16 1RL,02890487680,GDS,BELFAST,CASTLEREAGH
380 ORMEAU ROAD,,BELFAST,,BT7 3HX,02890491333,GDS,BELFAST,BELFAST
39 NEW ROW,,COLERAINE,,BT52 1AE,02870342848,GDS,NORTHERN,COLERAINE
4 NEWRY ROAD,,BANBRIDGE,,BT32 3HF,02840662034,GDS,SOUTHERN,BANBRIDGE
41/43 HOLYWOOD ROAD,,BELFAST,,BT4 3BA,02890471266,GDS,BELFAST,BELFAST
42 NORTH STREET,,LURGAN,,BT67 9AH,02838322821,GDS,SOUTHERN,CRAIGAVON
424 LISBURN ROAD,,BELFAST,,BT9 6GN,02890382262,GDS,BELFAST,BELFAST
438 LISBURN ROAD,,BELFAST,,BT9 6GR,02890200330,GDS,BELFAST,BELFAST
45 THOMAS STREET,,PORTADOWN,,BT62 3AF,02838332656,GDS,SOUTHERN,CRAIGAVON
451/453 FALLS ROAD,,BELFAST,,BT12 6DD,02890243107,GDS,BELFAST,BELFAST
462 OLDPARK ROAD,,BELFAST,,BT14 6QG,02890743800,GDS,BELFAST,BELFAST
47 CHURCH STREET,BANBRIDGE,,,BT32 4AA,02840625281,GDS,SOUTHERN,BANBRIDGE
479 ORMEAU ROAD,,BELFAST,,BT7 3GR,02890644797,GDS,BELFAST,BELFAST
48 ANN STREET,,BALLYCASTLE,,BT54 6AD,02820762113,GDS,NORTHERN,MOYLE
5 CASTLE PLACE,,STRABANE,,BT82 8AW,02871382875,GDS,WESTERN,STRABANE
5 HIGHTOWN ROAD,,GLENGORMLEY,,BT36 7TZ,02890833650,GDS,NORTHERN,NEWTOWNABBEY
5 QUEEN STREET,,BALLYMONEY,,BT53 6HZ,02827662166,GDS,NORTHERN,BALLYMONEY
5 ROBERT STREET,,LURGAN,,BT66 8BE,02838327411,GDS,SOUTHERN,CRAIGAVON
5 SUFFOLK PARADE,,BELFAST,,BT11 9JR,02890611688,GDS,BELFAST,BELFAST
535A FALLS ROAD,,BELFAST,,BT11 9AA,02890629296,GDS,BELFAST,BELFAST
56 CASTLE STREET,,COMBER,,BT23 5DZ,02891872839,GDS,SOUTH EASTERN,ARDS
56 MAIN STREET,,KEADY,,BT60 3SU,02837531057,GDS,SOUTHERN,ARMAGH
58 RAILWAY ROAD,,COLERAINE,,BT52 1PF,02870342526,GDS,NORTHERN,COLERAINE
62 CATHERINE STREET,,LIMAVADY,,BT49 9DB,02877722464,GDS,WESTERN,LIMAVADY
7 EBRINGTON TERRACE,,LONDONDERRY,,BT47 6JS,02871344529,GDS,WESTERN,DERRY
73/75 BROUGHSHANE STREET,,BALLYMENA,,BT43 6EB,02825653800,GDS,NORTHERN,BALLYMENA
77 MAIN STREET,,DERRYLIN,,BT92 9LB,02867748069,GDS,WESTERN,FERMANAGH
77 MAIN STREET,,MOIRA,,BT67 0LH,02892612836,GDS,SOUTH EASTERN,LISBURN
78 MAIN STREET,,DUNGIVEN,,BT47 4LG,02877741780,GDS,WESTERN,LIMAVADY
8 FINAGHY ROAD SOUTH,,BELFAST,,BT10 0DR,02890613558,GDS,BELFAST,BELFAST
8 HOLMVIEW TERRACE,CAMPSIE,OMAGH,,BT79 0AH,02882246466,GDS,WESTERN,OMAGH
9 RAILWAY STREET,,STRABANE,,BT82 8EG,02871382750,GDS,WESTERN,STRABANE
9-11 ST PATRICK'S AVE,DOWNPATRICK,,,BT30 6DW,02844616588,GDS,SOUTH EASTERN,DOWN
95 SAINTFIELD ROAD,,BELFAST,,BT8 7HN,02890703215,GDS,BELFAST,CASTLEREAGH
APPLETREE DENTAL CARE,1 THE OLD GASWORK,NEWRY,,BT34 2DH,02830252228,GDS,SOUTHERN,NEWRY & MOURNE
ARMAGH ORTHODONTIC CLINIC,"GILLIS TERRACE, LOUGHGALL ROAD",ARMAGH,,BT61 7NX,02837525665,GDS,SOUTHERN,ARMAGH
BELFAST ORTHODONTIC CENTRE,547 ANTRIM ROAD,BELFAST,,BT15 3BU,028 95039547,GDS,BELFAST,BELFAST
BISHOP ST DENTAL CARE,BISHOP STREET,LONDONDERRY,,BT48 6PR,02871262402,GDS,WESTERN,DERRY
BOVALLY DENTAL PRACTICE,BOVALLY,LIMAVADY,,BT49 0TA,02877766980,GDS,WESTERN,LIMAVADY
CATHEDRAL QUARTER DENTAL,7 MARCUS SQUARE,NEWRY,,BT34 1AY,02830053748,GDS,SOUTHERN,NEWRY & MOURNE
CLEAR DENTAL CARE NI LTD,218 MAIN STREET,LISNASKEA,,BT92 0JG,02867722292,GDS,WESTERN,FERMANAGH
COOKSTOWN FAMILY DENTAL CARE,"1ST FLOOR, MOLESWORTH PLACE",MOLESWORTH STREET,COOKSTOWN,BT80 8NX,02886765914,GDS,NORTHERN,COOKSTOWN
CURRIE & GRIBBEN SURGERY,1 BERESFORD ROW,"THE MALL, ARMAGH",,BT61 9AU,02837525266,GDS,SOUTHERN,ARMAGH
"FIRST FLOOR, LISBURN SQ HOUSE",HASLEMS LANE,LISBURN,,BT28 1TS,02892602201,GDS,SOUTH EASTERN,LISBURN
GREENPARK DENTAL SURGERY,4 GREENPARK TERRACE,ARMAGH,,BT61 7ER,02837528089,GDS,SOUTHERN,ARMAGH
LIVINGSTON DENTAL HEALTHCARE,38 HAMILTON ROAD,BANGOR,,BT20 4LE,02891270426,GDS,SOUTH EASTERN,NORTH DOWN
MALONE DENTAL,54 MALONE ROAD,BELFAST,,BT9 5BS,02890661511,GDS,BELFAST,BELFAST
MORRISON FAMILY DENTAL CARE,11 THE RODDENS,LARNE,,BT40 1QX,02828260981,GDS,NORTHERN,LARNE
ONE DENTAL,1 QUEEN STREET,,LONDONDERRY,BT48 7EF,02871262915,GDS,WESTERN,DERRY
PENTAGON HOUSE,19 GEORGE STREET,BALLYMENA,,BT43 5AP,02825652044,GDS,NORTHERN,BALLYMENA
THE DE COURCEY DENTAL PRACTICE,UNIT 3 LANCASTRIAN STREET,CARRICKFERGUS,,BT38 7AB,02893361000,GDS,NORTHERN,CARRICKFERGUS
VITA DENTAL CARE,5-7 CASTLE STREET,COMBER,,BT23 5DY,02891897897,GDS,SOUTH EASTERN,ARDS
