practice_name,also_known_as,address,postcode,yo_area,phone,website,nhs_private,pms_detected,pms_confidence,pms_evidence,blast_segment,wisecall_tier,provider_name,source,notes
Castlegate Dental Centre,,"1 Castlegate, York",YO1 9RN,York south,01904 653284,https://www.castlegate-dental.co.uk,Unknown,Dentally,high,castle-gate-dental-practice.portal.dental,Dentally confirmed,Tier 1 - Dentally integration ready,Castlegate Practice Limited,CQC directory (auto-downloaded),
Heslington Dental Practice,,"11-12 Main Street, Heslington, York",YO10 5EA,York south/east,01904 904500,https://www.heslingtondental.co.uk,Unknown,Dentally,high,heslington-dental.portal.dental,Dentally confirmed,Tier 1 - Dentally integration ready,Newby Dental Practice Ltd,CQC directory (auto-downloaded),Online booking via Dentally Portal
Blossom Dental  Care,,"25 Blossom Street, York",YO24 1AQ,York south-west,01904 654889,https://www.blossomdentalcare.co.uk,Unknown,Dentally,high,blossom-dental-care.dentr.net,Dentally confirmed,Tier 1 - Dentally integration ready,Denbond Limited,CQC directory (auto-downloaded),Online booking via Dentally Portal (legacy dentr.net redirect)
Ainsty Dental Practice,Dr Stephen Davies,"177 Boroughbridge Road, York",YO26 6AR,York west/Acomb,01904 786196,https://www.ainstydental.co.uk,Unknown,Dentally,high,ainsty-clinic.portal.dental,Dentally confirmed,Tier 1 - Dentally integration ready,Ainsty Dental Practice Limited,CQC directory (auto-downloaded),
York Dental,,"1 Pioneer Business Park,  Amy Johnson Way, York",YO30 4TN,York north/Clifton,01904 891160,https://yorkdentalpractice.co.uk,Unknown,Dentally,medium,Patient portal referenced on practice site; phone-first booking,Dentally likely,Tier 1 - Dentally integration ready,YD Practice Limited,CQC directory (auto-downloaded),Portal not linked on homepage — verify on call
Smile Care York,Smile Dental Care Group - York,"4 Tower Court, Oakdale Road, York",YO30 4WL,York north/Clifton,01753 523410,https://www.smiledentalcare.co.uk,Unknown,Dentally,high,Dentally:portal.dental,Dentally confirmed,Tier 1 - Dentally integration ready,Smile Care York Ltd,CQC directory (auto-downloaded),
Stamford Bridge Dental Practice,,"27 Viking Road, Stamford Bridge",YO41 1BS,York east/Dunnington,01759 372360,https://www.stamfordbridgedental.com,Unknown,Dentally,high,Dentally:portal.dental,Dentally confirmed,Tier 1 - Dentally integration ready,Stamford Bridge Dental Ltd,CQC directory (auto-downloaded),
James Pegg Dentistry,,"7 Tanner Row, York",YO1 6JB,Bridlington,01904 622487,,Unknown,,,,Unknown PMS - manual check,Tier 3 - Unknown PMS (qualify on call),TOTR Limited,CQC directory (auto-downloaded),
Hopkins & Poyner Dental Surgery,,"29 High Petergate, York",YO1 7HP,Malton area,01904 623582,,Unknown,,,,Unknown PMS - manual check,Tier 3 - Unknown PMS (qualify on call),Dr Rameshwar Sharma,CQC directory (auto-downloaded),
Orthokind - York,,"70 Low Petergate, York",YO1 7HZ,Malton area,01904 633061,https://www.orthokind.com,Unknown,,none,,Unknown PMS - manual check,Tier 3 - Unknown PMS (qualify on call),Orthokind Limited,CQC directory (auto-downloaded),
Andrea Ubhi,,"22 Goodramgate, York",YO1 7LG,Malton area,01904 639667,https://www.andreaubhi.co.uk,Unknown,,none,,Unknown PMS - manual check,Tier 3 - Unknown PMS (qualify on call),Andrea Ubhi Limited,CQC directory (auto-downloaded),
"mydentist Stonebow, York",,"Stonebow House, The Stonebow, York",YO1 7NP,Malton area,01204 799799,,Unknown,,,,Unknown PMS - manual check,Tier 3 - Unknown PMS (qualify on call),Petrie Tucker and Partners Limited,CQC directory (auto-downloaded),
Stonegate Dental Studio,,"39 Stonegate, York",YO1 8AW,Pickering area,01904 653107,,Unknown,,,,Unknown PMS - manual check,Tier 3 - Unknown PMS (qualify on call),Dr Luke Staves,CQC directory (auto-downloaded),
St Saviourgate Dental Care,,"30 St Saviourgate, York",YO1 8NN,Pickering area,01904 629239,,Unknown,,,,Unknown PMS - manual check,Tier 3 - Unknown PMS (qualify on call),Xeon Smiles UK Limited,CQC directory (auto-downloaded),
Crystal Clear Dental Spa,,"25 Blake Street, York",YO1 8QJ,Pickering area,01904 642595,,Unknown,,,,Unknown PMS - manual check,Tier 3 - Unknown PMS (qualify on call),Bridge Street Dental Ltd,CQC directory (auto-downloaded),
Bupa Dental Care York - Lawrence Street,,"107 Lawrence Street, York",YO10 3EF,York south/east,01904 411993,,Unknown,,,,Unknown PMS - manual check,Tier 3 - Unknown PMS (qualify on call),Lawrence Street Dental Practice Limited,CQC directory (auto-downloaded),Corporate Bupa — likely SOE/Exact stack but booking page blocked to bots
Restore 32 Dental Practice,,"1 Howard Street, Fishergate, York",YO10 4BQ,York south/east,01904 641167,,Unknown,,,,Unknown PMS - manual check,Tier 3 - Unknown PMS (qualify on call),Smriti Bhakta and Shashwat Bhakta,CQC directory (auto-downloaded),
Valley Bridge Dental Practice,,"4 Cambridge Terrace, Scarborough",YO11 2LQ,Scarborough,01723 362020,https://www.valleybridgedental.co.uk,Unknown,,,,Unknown PMS - manual check,Tier 3 - Unknown PMS (qualify on call),Mr. John McCourt,CQC directory (auto-downloaded),website unreachable
Rosewood Dental Clinic,,"20 Ramshill Road, Scarborough",YO11 2QE,Scarborough,01723 360009,https://www.rosewood-dental.co.uk,Unknown,,none,,Unknown PMS - manual check,Tier 3 - Unknown PMS (qualify on call),Rosewood Dental Clinic Limited,CQC directory (auto-downloaded),
Smile Dental Care Scarborough,Smile Dental Care Group - Scarborough,"26 - 28 Falsgrave Road, Scarborough",YO12 5AT,Scarborough,01723 413110,,Unknown,,,,Unknown PMS - manual check,Tier 3 - Unknown PMS (qualify on call),Smile Care United Ltd,CQC directory (auto-downloaded),
Appletree Dental Practice,,"47 Falsgrave Road, Scarborough",YO12 5EA,Scarborough,01723 365393,https://www.appletreedp.co.uk,Unknown,,none,,Unknown PMS - manual check,Tier 3 - Unknown PMS (qualify on call),The Yorkshire Dentist Ltd,CQC directory (auto-downloaded),
Falsgrave Services Limited,,"21 Falsgrave Road, Scarborough",YO12 5EA,Scarborough,01723 818584,https://www.falsgrave-dental.co.uk,Unknown,,none,,Unknown PMS - manual check,Tier 3 - Unknown PMS (qualify on call),Falsgrave Services Limited,CQC directory (auto-downloaded),
Scarborough Dental & Implant Clinic,,"21 Falsgrave Road, Scarborough",YO12 5EA,Scarborough,01723 818584,,Unknown,,,,Unknown PMS - manual check,Tier 3 - Unknown PMS (qualify on call),Falsgrave Dental Surgery,CQC directory (auto-downloaded),
Peasholm Dental Practice,,"43 Northstead Manor Drive, Scarborough",YO12 6AF,Scarborough,01723 500340,https://www.pdpdentist.co.uk,Unknown,,none,,Unknown PMS - manual check,Tier 3 - Unknown PMS (qualify on call),Scarborough Dental Care Limited,CQC directory (auto-downloaded),
Solis Dental Studio,,"5 Coldyhill Lane, Scarborough",YO12 6SF,Scarborough,01723 347011,,Unknown,,,,Unknown PMS - manual check,Tier 3 - Unknown PMS (qualify on call),Mr Alin Stefan Soare,CQC directory (auto-downloaded),
Newby Dental Practice,Miss Emma Skipper,"445a, Scalby Road, Scarborough",YO12 6UA,Scarborough,01723 670500,https://www.newbydentalpractice.co.uk,Unknown,,none,,Unknown PMS - manual check,Tier 3 - Unknown PMS (qualify on call),Miss Emma Skipper,CQC directory (auto-downloaded),
Northway Clinic,,"Northway, Scarborough",YO12 7AF,Scarborough,01423 885959,,Unknown,,,,Unknown PMS - manual check,Tier 3 - Unknown PMS (qualify on call),Community Dental Services CIC,CQC directory (auto-downloaded),
Smile Orthodontics Yorkshire LLP,,"Northway, Scarborough",YO12 7AF,Scarborough,01723 380543,https://www.smileorthodontics.net,Unknown,,none,,Unknown PMS - manual check,Tier 3 - Unknown PMS (qualify on call),Smile Orthodontics Holdings Limited,CQC directory (auto-downloaded),
Corner House Surgery,,"73 Columbus Ravine, Scarborough",YO12 7QT,Scarborough,01723 361907,https://www.cornerhousesurgery.co.uk,Unknown,,none,,Unknown PMS - manual check,Tier 3 - Unknown PMS (qualify on call),Miss Phoebe Ruth Pattinson,CQC directory (auto-downloaded),
John Taylor Dental Care,,"96 Tennyson Avenue, Scarborough",YO12 7RE,Scarborough,01723 373866,https://www.johntaylordental.co.uk,Unknown,,none,,Unknown PMS - manual check,Tier 3 - Unknown PMS (qualify on call),Mr. John Taylor,CQC directory (auto-downloaded),
East Ayton Dental Practice,,"Racecourse Road, East Ayton, Scarborough",YO13 9HP,Scarborough rural,01723 864295,,Unknown,,,,Unknown PMS - manual check,Tier 3 - Unknown PMS (qualify on call),East Ayton Dental Practice Limited,CQC directory (auto-downloaded),
Hunmanby Dental Practice,,"17 Bridlington Street, Hunmanby, Filey",YO14 0JR,Filey,01723 890719,,Unknown,,,,Unknown PMS - manual check,Tier 3 - Unknown PMS (qualify on call),Dr Carla Justine Pierce,CQC directory (auto-downloaded),
Mydentist - Station Avenue - Filey,,"Station Avenue, Filey",YO14 9AH,Filey,01723 512135,,Unknown,,,,Unknown PMS - manual check,Tier 3 - Unknown PMS (qualify on call),Whitecross Dental Care Limited,CQC directory (auto-downloaded),
Grin - Bridlington,,"8 Wellington Road, Bridlington",YO15 2BG,Bridlington,01262 679027,,Unknown,,,,Unknown PMS - manual check,Tier 3 - Unknown PMS (qualify on call),Grin Limited,CQC directory (auto-downloaded),
City Health Care Dental Services - Bridlington Hospital,,"Bessingby Road, Bridlington",YO16 4QP,Bridlington,,,Unknown,,,,Unknown PMS - manual check,Tier 3 - Unknown PMS (qualify on call),City Health Care Partnership CIC,CQC directory (auto-downloaded),
The Old Police House Dental Practice,,"Victoria Road, Malton",YO17 7JJ,Malton area,01653 692771,https://www.oldpolicehousedentalpractice.com,Unknown,,none,,Unknown PMS - manual check,Tier 3 - Unknown PMS (qualify on call),Dr. Isobel Greenstreet,CQC directory (auto-downloaded),
The Red House Dental Practice,,"Victoria Road, Malton",YO17 7JJ,Malton area,01653 693809,https://www.redhousedentists.co.uk,Unknown,,none,,Unknown PMS - manual check,Tier 3 - Unknown PMS (qualify on call),Dr Nitin Prasad,CQC directory (auto-downloaded),
The Dental Health Practice Limited,,"1 Princess Road, Malton",YO17 7JP,Malton area,01653 697615,https://www.dhpmalton.co.uk,Unknown,,none,,Unknown PMS - manual check,Tier 3 - Unknown PMS (qualify on call),The Dental Health Practice Limited,CQC directory (auto-downloaded),
The Smile Rooms,,"13 Saville Street, Malton",YO17 7LL,Malton area,,https://www.thesmilerooms.co.uk,Unknown,,none,,Unknown PMS - manual check,Tier 3 - Unknown PMS (qualify on call),Portman Healthcare Limited,CQC directory (auto-downloaded),
Birdgate Dental Practice,,"1 Birdgate, Pickering",YO18 7AL,Pickering area,01751 474174,https://www.birdgatedental.co.uk,Unknown,,none,,Unknown PMS - manual check,Tier 3 - Unknown PMS (qualify on call),DPK Smiles Limited,CQC directory (auto-downloaded),
Ryedale Dental Healthcare Clinic,,"4-6 Burgate, Pickering",YO18 7AU,Pickering area,01751 474460,https://www.ryedaledental.co.uk,Unknown,,none,,Unknown PMS - manual check,Tier 3 - Unknown PMS (qualify on call),Ryedale Dental Healthcare Clinic & Implant Centre Limited,CQC directory (auto-downloaded),
Pickering Dental Health Practice,,"Hungate, Pickering",YO18 7DL,Pickering area,,,Unknown,,,,Unknown PMS - manual check,Tier 3 - Unknown PMS (qualify on call),White Dental Limited,CQC directory (auto-downloaded),
Dunnington Dental Practice,,"31 York Street, Dunnington, York",YO19 5QT,York south,01904 489183,https://www.richardfisherdental.co.uk,Unknown,,,,Unknown PMS - manual check,Tier 3 - Unknown PMS (qualify on call),Richard Fisher & Associates Ltd,CQC directory (auto-downloaded),website unreachable
Whitby Hospital,,"Springhill, Whitby",YO21 1EE,Whitby,01423 885959,,Unknown,,,,Unknown PMS - manual check,Tier 3 - Unknown PMS (qualify on call),Community Dental Services CIC,CQC directory (auto-downloaded),
Havelock Dental Practice,,"2 Havelock Place, Whitby",YO21 3ER,Whitby,,,Unknown,,,,Unknown PMS - manual check,Tier 3 - Unknown PMS (qualify on call),Dr Rameshwar Sharma,CQC directory (auto-downloaded),
Smile Dental Care Whitby,Smile Dental Care Group - Whitby,"Ground Floor,  Former Community Hall, Whitby",YO22 4JQ,Whitby rural,01947 213110,,Unknown,,,,Unknown PMS - manual check,Tier 3 - Unknown PMS (qualify on call),Smile Care United Ltd,CQC directory (auto-downloaded),
Smile Dental Care Robin Hood's Bay,Smile Dental Care Group - Robins Hood Bay,"1 Station Road, Robin Hoods Bay, Whitby",YO22 4RA,Whitby rural,,,Unknown,,,,Unknown PMS - manual check,Tier 3 - Unknown PMS (qualify on call),Smile Care United Ltd,CQC directory (auto-downloaded),
Nunnery Lane Dental Practice,,"91-93, Nunnery Lane, York",YO23 1AH,York west,01904 639779,,Unknown,,,,Unknown PMS - manual check,Tier 3 - Unknown PMS (qualify on call),Thio and Dickens,CQC directory (auto-downloaded),
The York Dental Suite,,"Liquor Store, Bishopthorpe Road, York",YO23 1FT,York west,,,Unknown,,,,Unknown PMS - manual check,Tier 3 - Unknown PMS (qualify on call),Teixeira Associate Services Limited,CQC directory (auto-downloaded),
Bishopthorpe Dental Centre,,"30 Sim Balk Lane, Bishopthorpe, York",YO23 2QQ,York west,01904 703427,https://www.woodthorpedentalcentre.co.uk,Unknown,,,,Unknown PMS - manual check,Tier 3 - Unknown PMS (qualify on call),Thorpe Dental Group Limited,CQC directory (auto-downloaded),website unreachable
Copmanthorpe Dental Centre,,"6 St Giles Way, Copmanthorpe, York",YO23 3XT,York west,01904 706291,https://www.woodthorpedentalcentre.co.uk,Unknown,,,,Unknown PMS - manual check,Tier 3 - Unknown PMS (qualify on call),Thorpe Dental Group Limited,CQC directory (auto-downloaded),website unreachable
Blossom Cosmetic Clinic,,"60 Blossom Street, York",YO24 1AP,York south-west,0781 4741402,,Unknown,,,,Unknown PMS - manual check,Tier 3 - Unknown PMS (qualify on call),Denbond Limited,CQC directory (auto-downloaded),
The Mount Dental Practice,,"96 The Mount, York",YO24 1AR,York south-west,01904 623436,,Unknown,,,,Unknown PMS - manual check,Tier 3 - Unknown PMS (qualify on call),Dr. Robert Glover,CQC directory (auto-downloaded),
Woodthorpe Dental Centre,,"47 Moorcroft Road, Woodthorpe, York",YO24 2RQ,York south-west,01904 706795,https://www.woodthorpedentalcentre.co.uk,Unknown,,,,Unknown PMS - manual check,Tier 3 - Unknown PMS (qualify on call),Thorpe Dental Group Limited,CQC directory (auto-downloaded),website unreachable
Acomb Dental Practice,,"16 Front Street, Acomb, York",YO24 3BZ,York south-west,01904 794021,,Unknown,,,,Unknown PMS - manual check,Tier 3 - Unknown PMS (qualify on call),Portman Healthcare Limited,CQC directory (auto-downloaded),
Cornlands Road Clinic (Priory Medical Group),,"Priory Medical Centre, Cornlands Road, York",YO24 3WX,York south-west,01423 885959,,Unknown,,,,Unknown PMS - manual check,Tier 3 - Unknown PMS (qualify on call),Community Dental Services CIC,CQC directory (auto-downloaded),
Acorn Dental Practice,,"44 York Road, Acomb, York",YO24 4LZ,York south-west,01904 789876,https://www.acorndental.co.uk,Unknown,,none,,Unknown PMS - manual check,Tier 3 - Unknown PMS (qualify on call),Acorn Dental (York) Limited,CQC directory (auto-downloaded),
Lilac House Specialist Dental Practice,,"34 York Road, Acomb, York",YO24 4LZ,York south-west,01904 520000,,Unknown,,,,Unknown PMS - manual check,Tier 3 - Unknown PMS (qualify on call),Dr Edward Gergely,CQC directory (auto-downloaded),
The Beeches Dental Practice,,"56 York Road, Acomb, York",YO24 4LZ,York south-west,01904 798315,,Unknown,,,,Unknown PMS - manual check,Tier 3 - Unknown PMS (qualify on call),Aurum Dental Clinic Limited,CQC directory (auto-downloaded),
New Road Dental Surgery,,"6 New Road, Driffield",YO25 5DL,Driffield,01377 254194,,Unknown,,,,Unknown PMS - manual check,Tier 3 - Unknown PMS (qualify on call),Mr. Simon Coles,CQC directory (auto-downloaded),
City Health Care Dental Services - Driffield,,"Market Place, Driffield",YO25 6AP,Driffield,,,Unknown,,,,Unknown PMS - manual check,Tier 3 - Unknown PMS (qualify on call),City Health Care Partnership CIC,CQC directory (auto-downloaded),
Driffield Dental,,"1 Houndale Bank, Driffield",YO25 6BQ,Driffield,01377 241050,https://www.driffielddental.co.uk,Unknown,,none,,Unknown PMS - manual check,Tier 3 - Unknown PMS (qualify on call),Exchange Street Practice Ltd,CQC directory (auto-downloaded),
Bridge Street Dental,,"21 Bridge Street, Driffield",YO25 6DB,Driffield,01377 257775,https://www.bridgestreetdental21.co.uk,Unknown,,none,,Unknown PMS - manual check,Tier 3 - Unknown PMS (qualify on call),Bridge Street Dental Ltd,CQC directory (auto-downloaded),
Orange Tree Dental,,"19 Middle Street South, Driffield",YO25 6PT,Driffield,01377 252206,https://www.orangetreedental.co.uk,Unknown,,none,,Unknown PMS - manual check,Tier 3 - Unknown PMS (qualify on call),Quarmby and Quarmby Ltd,CQC directory (auto-downloaded),
Alpha Windmill (York) Limited,,"1 Almsford House, Beckfield Lane,  Acomb, York",YO26 5PA,York west/Acomb,01904 789152,https://www.alphadental.com,Unknown,,none,,Unknown PMS - manual check,Tier 3 - Unknown PMS (qualify on call),Alpha Windmill (York) Limited,CQC directory (auto-downloaded),
Manor House Dental Practice,,"12 Boroughbridge Road, York",YO26 5RU,York west/Acomb,01904 797434,https://www.manorhousedentalpractice.co.uk,Unknown,,none,,Unknown PMS - manual check,Tier 3 - Unknown PMS (qualify on call),Mr. Matthew Houlton,CQC directory (auto-downloaded),
Perfect Smile Clinic - York,,"175 Boroughbridge Road, Acomb, York",YO26 6AR,York west/Acomb,01904 786969,,Unknown,,,,Unknown PMS - manual check,Tier 3 - Unknown PMS (qualify on call),Perfect Smile Clinic (UK) Ltd,CQC directory (auto-downloaded),
Poppleton Dental Practice,,"The Green, Upper Poppleton, York",YO26 6DD,York west/Acomb,01904 781987,https://www.poppletondentalpractice.co.uk,Unknown,,none,,Unknown PMS - manual check,Tier 3 - Unknown PMS (qualify on call),Dr Rebecca Bayne,CQC directory (auto-downloaded),
Jorvik Dental Practice,,"6 Westfield House, Millfield Lane,  Nether Poppleton, York",YO26 6GA,York west/Acomb,01904 340640,https://www.jorvikdental.co.uk,Unknown,,none,,Unknown PMS - manual check,Tier 3 - Unknown PMS (qualify on call),Jorvik Smile Limited,CQC directory (auto-downloaded),
Clifton Moor Dental Centre,,"7 Great North Way, York Business Park,  Nether Poppleton, York",YO26 6RB,York west/Acomb,,,Unknown,,,,Unknown PMS - manual check,Tier 3 - Unknown PMS (qualify on call),Mittal Associates,CQC directory (auto-downloaded),
PortmanDentex York,,"Manor House, Manor Lane, York",YO30 5XY,York north/Clifton,01904 623687,https://www.freshsmiles.co.uk,Unknown,,none,,Unknown PMS - manual check,Tier 3 - Unknown PMS (qualify on call),Dentex Clinical Limited,CQC directory (auto-downloaded),
Clifton Dental Practice Limited,,"72a Clifton, York",YO30 6AW,York north/Clifton,01904 659023,https://www.cliftondentalpractice.co.uk,Unknown,,none,,Unknown PMS - manual check,Tier 3 - Unknown PMS (qualify on call),Clifton Dental Practice Limited,CQC directory (auto-downloaded),
York Orthodontics,,"64 Marygate, York",YO30 7BH,York north/Clifton,01904 671772,https://www.yorkorthodontics.co.uk,Unknown,,none,,Unknown PMS - manual check,Tier 3 - Unknown PMS (qualify on call),Dr. Jonathan Hunter,CQC directory (auto-downloaded),
Clock House Dental,,"95 Heworth Village, York",YO31 1AN,York east/Heworth,01904 422918,,Unknown,,,,Unknown PMS - manual check,Tier 3 - Unknown PMS (qualify on call),Clock House Dental,CQC directory (auto-downloaded),
Monkgate Health Centre,,"31-33, Monkgate, York",YO31 7PB,York east/Heworth,01423 885959,,Unknown,,,,Unknown PMS - manual check,Tier 3 - Unknown PMS (qualify on call),Community Dental Services CIC,CQC directory (auto-downloaded),
Yorkshire Dental Suite York,,"25 Haleys Terrace, York",YO31 8SB,York east/Heworth,01904 211251,,Unknown,,,,Unknown PMS - manual check,Tier 3 - Unknown PMS (qualify on call),Mr Abdulbaset Dalghous,CQC directory (auto-downloaded),
Huntington Dental,,"Huntington Dental Surgery, 408 Huntington Road, York",YO31 9HU,York east/Heworth,01904 632295,,Unknown,,,,Unknown PMS - manual check,Tier 3 - Unknown PMS (qualify on call),Drs Prince and Hansson,CQC directory (auto-downloaded),
The Dental Hub York,,"The Dental Hub, 408 Huntington Road, York",YO31 9HU,York east/Heworth,01904 632295,,Unknown,,,,Unknown PMS - manual check,Tier 3 - Unknown PMS (qualify on call),The Dental Hub York Ltd,CQC directory (auto-downloaded),
Wortley House Dental Practice,York Dental Ltd,"70 The Village, Haxby, York",YO32 2HX,York north/Haxby,01904 763458,https://www.carholmedentalgroup.co.uk,Unknown,,none,,Unknown PMS - manual check,Tier 3 - Unknown PMS (qualify on call),York Dental Limited,CQC directory (auto-downloaded),
Wigginton Dental Practice,,"18 Mill Lane, Wigginton, York",YO32 2PU,York north/Haxby,,,Unknown,,,,Unknown PMS - manual check,Tier 3 - Unknown PMS (qualify on call),Wigginton Dental Practice Ltd,CQC directory (auto-downloaded),
Strensall Dental Practice,,"24 Barley Rise, Strensall, York",YO32 5AA,York north/Haxby,01904 490060,https://www.richardfisherdental.co.uk,Unknown,,,,Unknown PMS - manual check,Tier 3 - Unknown PMS (qualify on call),Richard Fisher & Associates Ltd,CQC directory (auto-downloaded),website unreachable
HMP Millsike,,"Moor Lane, Full Sutton, York",YO41 1FZ,York east/Dunnington,0770 9176412,,Unknown,,,,Unknown PMS - manual check,Tier 3 - Unknown PMS (qualify on call),Time for Teeth Limited,CQC directory (auto-downloaded),
HMP Full Sutton,,"Full Sutton, York",YO41 1PS,York east/Dunnington,01759 475100,https://www.gov.uk,Unknown,,none,,Unknown PMS - manual check,Tier 3 - Unknown PMS (qualify on call),Time for Teeth Limited,CQC directory (auto-downloaded),
Smile Dental Care Pocklington,Smile Dental Care Group - Pocklington,"Unit B,  14 Market Place, Pocklington, York",YO42 2AR,Pocklington,01753 523410,,Unknown,,,,Unknown PMS - manual check,Tier 3 - Unknown PMS (qualify on call),Smile Care Pocklington Ltd,CQC directory (auto-downloaded),
Pocklington Dental,,"4 Barmby Road, Pocklington, York",YO42 2DP,Pocklington,01759 283129,,Unknown,,,,Unknown PMS - manual check,Tier 3 - Unknown PMS (qualify on call),Beverley Highgate Dental Practice LLP,CQC directory (auto-downloaded),
Regent Street Dental Practice,Mr Andrew Alan Fox,"4 Regent Street, Pocklington, York",YO42 2QL,Pocklington,01759 304519,,Unknown,,,,Unknown PMS - manual check,Tier 3 - Unknown PMS (qualify on call),Mr. Andrew Alan Fox,CQC directory (auto-downloaded),
Genix Healthcare Market Weighton Ltd,,"4-6 Southgate, Market Weighton, York",YO43 3AG,Market Weighton,01430 879171,https://www.genixhealthcare.com,Unknown,,none,,Unknown PMS - manual check,Tier 3 - Unknown PMS (qualify on call),Genix Healthcare Market Weighton Ltd,CQC directory (auto-downloaded),Corporate site mentions portal.dental for other clinics — not confirmed for this location
Trinity House Orthodontics Market Weighton,,"Genix Healthcare 4-6 Southgate, Market Weighton, York",YO43 3AG,Market Weighton,,,Unknown,,,,Unknown PMS - manual check,Tier 3 - Unknown PMS (qualify on call),Haricovert Limited,CQC directory (auto-downloaded),
Market Weighton Dental Practice,,"127A York Road, Market Weighton, York",YO43 3EE,Market Weighton,01430 872906,,Unknown,,,,Unknown PMS - manual check,Tier 3 - Unknown PMS (qualify on call),Market Weighton Dental Practice Ltd,CQC directory (auto-downloaded),
Boroughbridge Dental Centre,,"Wetherby Road, Boroughbridge, York",YO51 9HS,Boroughbridge,01423 322757,https://www.boroughbridgedental.co.uk,Unknown,,none,,Unknown PMS - manual check,Tier 3 - Unknown PMS (qualify on call),Andrew Jones Dental Practice Limited,CQC directory (auto-downloaded),
The Howardian Dental Practice,,"11 Alan Farnaby Way, The Industrial Estate,  Sheriff Hutton, York",YO60 6PG,Castle Howard,01347 878111,,Unknown,,,,Unknown PMS - manual check,Tier 3 - Unknown PMS (qualify on call),Dr Christine Colleen Parker,CQC directory (auto-downloaded),
Red Lea Dental Practice,,"1-2 Market Place, Easingwold, York",YO61 3AD,Easingwold,01347 821435,,Unknown,,,,Unknown PMS - manual check,Tier 3 - Unknown PMS (qualify on call),Ishak Practices Ltd,CQC directory (auto-downloaded),
Easingwold Dental Care,,"Horse Shoe Inn,  Long Street, Easingwold, York",YO61 3JB,Easingwold,01347 821181,,Unknown,,,,Unknown PMS - manual check,Tier 3 - Unknown PMS (qualify on call),Mr Donn Anthony Tomkinson,CQC directory (auto-downloaded),
Helmsley Smiles Ltd,,"46 Bondgate, Helmsley, York",YO62 5EZ,Helmsley/Kirkbymoorside,0754 3901616,,Unknown,,,,Unknown PMS - manual check,Tier 3 - Unknown PMS (qualify on call),Helmsley Smiles Ltd,CQC directory (auto-downloaded),
Alpha Dental Studio,,"37 West End, Kirkbymoorside, York",YO62 6AD,Helmsley/Kirkbymoorside,01751 432418,,Unknown,,,,Unknown PMS - manual check,Tier 3 - Unknown PMS (qualify on call),Riverdale Tradeco Limited,CQC directory (auto-downloaded),
Alpha Dental Studio Kirkbymoorside,,"37 West End, Kirkbymoorside, York",YO62 6AD,Helmsley/Kirkbymoorside,01751 432418,,Unknown,,,,Unknown PMS - manual check,Tier 3 - Unknown PMS (qualify on call),Alpha Dental Studio Fairfield,CQC directory (auto-downloaded),
Thirsk Smiles Ltd,,"19 Finkle Street, Thirsk",YO7 1DA,YO71,01845 522602,,Unknown,,,,Unknown PMS - manual check,Tier 3 - Unknown PMS (qualify on call),Thirsk Smiles Ltd,CQC directory (auto-downloaded),
Market Place Dentistry,,"37 Market Place, Thirsk",YO7 1HA,YO71,01845 523620,https://www.marketplacedentistry.co.uk,Unknown,,none,,Unknown PMS - manual check,Tier 3 - Unknown PMS (qualify on call),Market Place Dentistry Ltd,CQC directory (auto-downloaded),
Kirkgate Dental Practice,,"33 Kirkgate, Thirsk",YO7 1PL,YO71,01845 522106,https://www.kirkgatedentalpractice.co.uk,Unknown,,none,,Unknown PMS - manual check,Tier 3 - Unknown PMS (qualify on call),Kirkgate Dental Practice,CQC directory (auto-downloaded),
Abbey Dental Care,,"51a Gowthorpe, Selby",YO8 4HE,YO84,0788 5652667,,Unknown,,,,Unknown PMS - manual check,Tier 3 - Unknown PMS (qualify on call),Dr Altaf Hussain,CQC directory (auto-downloaded),
The Crescent Dental and Implant Centre,,"The Crescent, Selby",YO8 4PE,YO84,01757 290289,,Unknown,,,,Unknown PMS - manual check,Tier 3 - Unknown PMS (qualify on call),Abbey Dental Care Limited,CQC directory (auto-downloaded),
Park Street Dental Practice,,"18 Park Street, Selby",YO8 4PW,YO84,01757 706829,,Unknown,,,,Unknown PMS - manual check,Tier 3 - Unknown PMS (qualify on call),PSDP LTD,CQC directory (auto-downloaded),
Market Lane Dental Care,,"2/3 Market Lane, Selby",YO8 4QA,YO84,01757 703221,,Unknown,,,,Unknown PMS - manual check,Tier 3 - Unknown PMS (qualify on call),Adel Dental Practice,CQC directory (auto-downloaded),
Selby Dental Care,,"28 New Lane, Selby",YO8 4QB,YO84,01757 322221,,Unknown,,,,Unknown PMS - manual check,Tier 3 - Unknown PMS (qualify on call),Rodericks Dental Partners Limited,CQC directory (auto-downloaded),
Trinity House Orthodontics,Selby Practice,"New Lane, Selby",YO8 4QB,YO84,01757 701718,https://www.trinityhouse-orthodontics.co.uk,Unknown,,none,,Unknown PMS - manual check,Tier 3 - Unknown PMS (qualify on call),Haricovert Limited,CQC directory (auto-downloaded),
Mydentist - North Marine Road - Scarborough,,"93 North Marine Road, Scarborough",YO12 7HT,Scarborough,01723 373186,https://www.mydentist.co.uk,Unknown,MyDentist corporate,medium,MyDentist corporate:mydentist.co.uk,Unknown PMS - manual check,Tier 4 - Corporate chain (lower priority),Whitecross Dental Care Limited,CQC directory (auto-downloaded),
Mydentist - Quay Road - Bridlington,,"69 Quay Road, Bridlington",YO16 4EL,Bridlington,01262 673277,https://www.mydentist.co.uk,Unknown,MyDentist corporate,medium,MyDentist corporate:mydentist.co.uk,Unknown PMS - manual check,Tier 4 - Corporate chain (lower priority),Whitecross Dental Care Limited,CQC directory (auto-downloaded),
MyDentist - Burnby Lane - Pocklington,,"3 Burnby Lane, Pocklington, York",YO42 2QB,Pocklington,01759 307800,https://www.mydentist.co.uk,Unknown,MyDentist corporate,medium,MyDentist corporate:mydentist.co.uk,Unknown PMS - manual check,Tier 4 - Corporate chain (lower priority),Whitecross Dental Care Limited,CQC directory (auto-downloaded),
